delete from behandelingen;
delete from verrichtingen;
delete from verrichting_categorieen;
delete from voorschriften;
delete from medicijnen;
delete from pers_specialisaties;
delete from specialisaties;
DELETE FROM patientfiches;
DELETE FROM personeel;
DELETE FROM afdelingen;
DELETE FROM patientopnames;
DELETE FROM patienten;
DELETE FROM bedden;
DELETE FROM bedtypes;
DELETE FROM kamers;



REM Vullen van de tabel kamer - 61 rijen 
INSERT INTO kamers VALUES ('ZW1001', 'Heelkunde, enkel');
INSERT INTO kamers VALUES ('ZW1002', 'Heelkunde, enkel');
INSERT INTO kamers VALUES ('ZW1003', 'Heelkunde, enkel');
INSERT INTO kamers VALUES ('ZW1004', 'Heelkunde, enkel');
INSERT INTO kamers VALUES ('ZW1005', 'Heelkunde, enkel');
COMMIT;
INSERT INTO kamers VALUES ('ZW1006', 'Heelkunde, enkel');
INSERT INTO kamers VALUES ('ZW1010', 'Heelkunde, dubbel');
INSERT INTO kamers VALUES ('ZW1011', 'Heelkunde, dubbel');
INSERT INTO kamers VALUES ('ZW1012', 'Heelkunde, dubbel');
INSERT INTO kamers VALUES ('ZW1013', 'Heelkunde, dubbel');
COMMIT;
INSERT INTO kamers VALUES ('ZW1014', 'Heelkunde, dubbel');
INSERT INTO kamers VALUES ('ZW1015', 'Heelkunde, dubbel');
INSERT INTO kamers VALUES ('NW1001', 'Heelkunde, enkel' );
INSERT INTO kamers VALUES ('NW1002', 'Heelkunde, enkel' );
INSERT INTO kamers VALUES ('NW1003', 'Heelkunde, enkel' );
COMMIT;
INSERT INTO kamers VALUES ('NW1004', 'Heelkunde, enkel');
INSERT INTO kamers VALUES ('NW1005', 'Heelkunde, enkel');
INSERT INTO kamers VALUES ('NW1010', 'Heelkunde, dubbel');
INSERT INTO kamers VALUES ('NW1011', 'Heelkunde, dubbel');
INSERT INTO kamers VALUES ('NW1012', 'Heelkunde, dubbel');
COMMIT;
INSERT INTO kamers VALUES ('NW1013', 'Heelkunde, dubbel');
INSERT INTO kamers VALUES ('NW1014', 'Heelkunde, dubbel');
INSERT INTO kamers VALUES ('RA0075', 'Radiologie');
INSERT INTO kamers VALUES ('RA0076', 'Radiologie');
INSERT INTO kamers VALUES ('RA0077', 'Radiologie');
COMMIT;
INSERT INTO kamers VALUES ('RA0078', 'Radiologie');
INSERT INTO kamers VALUES ('EH0001', 'Eerste Hulp 1');
INSERT INTO kamers VALUES ('EH0002', 'Eerste Hulp 2');
INSERT INTO kamers VALUES ('VK0001', 'Verkoever 1');
INSERT INTO kamers VALUES ('VK0023', 'Verkoever 2');
COMMIT;
INSERT INTO kamers VALUES ('VK0024', 'Verkoever 3');
INSERT INTO kamers VALUES ('VK0031', 'Verkoever 4');
INSERT INTO kamers VALUES ('VK0032', 'Verkoever 5');
INSERT INTO kamers VALUES ('OP0001', 'Operatiekamer 1');
INSERT INTO kamers VALUES ('OP0002', 'Operatiekamer 2');
COMMIT;
INSERT INTO kamers VALUES ('OP0003', 'Operatiekamer 3');
INSERT INTO kamers VALUES ('OP0004', 'Operatiekamer 4');
INSERT INTO kamers VALUES ('ZW3001', 'Oncologie, enkel');
INSERT INTO kamers VALUES ('ZW3002', 'Oncologie, enkel'); 
INSERT INTO kamers VALUES ('ZW3003', 'Oncologie, enkel'); 
COMMIT;
INSERT INTO kamers VALUES ('ZW3004', 'Oncologie, enkel'); 
INSERT INTO kamers VALUES ('ZW3005', 'Oncologie, dubbel');
INSERT INTO kamers VALUES ('ZW3006', 'Oncologie, dubbel');
INSERT INTO kamers VALUES ('ZW3007', 'Oncologie, dubbel');
INSERT INTO kamers VALUES ('ZW3008', 'Oncologie, dubbel');
COMMIT;
INSERT INTO kamers VALUES ('NW3001', 'Intensive Care, enkel');
INSERT INTO kamers VALUES ('NW3011', 'Intensive Care, enkel');
INSERT INTO kamers VALUES ('NW3021', 'Intensive Care, enkel');
INSERT INTO kamers VALUES ('NW3031', 'Intensive Care, enkel');
INSERT INTO kamers VALUES ('NW3041', 'Intensive Care, enkel');
COMMIT;
INSERT INTO kamers VALUES ('NW3051', 'Intensive Care, enkel');
INSERT INTO kamers VALUES ('NW3061', 'Intensive Care, enkel');
INSERT INTO kamers VALUES ('ZW2101', 'Pediatrie, enkel');
INSERT INTO kamers VALUES ('ZW2102', 'Pediatrie, enkel');
INSERT INTO kamers VALUES ('ZW2103', 'Pediatrie, enkel');
COMMIT;
INSERT INTO kamers VALUES ('ZW2104', 'Pediatrie, enkel');
INSERT INTO kamers VALUES ('ZW2105', 'Pediatrie, enkel');
INSERT INTO kamers VALUES ('ZW2111', 'Pediatrie, dubbel');
INSERT INTO kamers VALUES ('ZW2112', 'Pediatrie, dubbel');
INSERT INTO kamers VALUES ('ZW2113', 'Pediatrie, dubbel');
INSERT INTO kamers VALUES ('ZW2114', 'Pediatrie, dubbel');
COMMIT;
REM Vullen van de tabel bedtypes - 10 rijen 
INSERT INTO bedtypes VALUES ('N1', 'Normale afdeling-Vast');
INSERT INTO bedtypes VALUES ('N2', 'Normale afdeling-Verstelbaar');
INSERT INTO bedtypes VALUES ('EH', 'Eerste Hulp-Verrijdbaar');
INSERT INTO bedtypes VALUES ('E2', 'Eerste Hulp-Vast');
INSERT INTO bedtypes VALUES ('RA', 'Radiologie');
COMMIT;
INSERT INTO bedtypes VALUES ('N3', 'Normale afdeling-Verhoogd');
INSERT INTO bedtypes VALUES ('E3', 'Eerste Hulp-Draagbaar');
INSERT INTO bedtypes VALUES ('CH', 'Chirurgie-Verrijdbaar');
INSERT INTO bedtypes VALUES ('K1', 'Kinderbed tot en met 5 jaar');
INSERT INTO bedtypes VALUES ('K2', 'Kinderbed van 6 tot en met 15 jaar');
COMMIT;
REM Vullen van de tabel kamer - 98 rijen 
INSERT INTO bedden VALUES (1, 'ZW1001', 'N1', 'N', TO_DATE('01-NOV-2016','dd-MON-yyyy'));
INSERT INTO bedden VALUES (2, 'ZW1002', 'N1', 'J', TO_DATE('03-JAN-2016','dd-MON-yyyy'));
INSERT INTO bedden VALUES (3, 'ZW1003', 'N2', 'J', TO_DATE('03-JAN-2016','dd-MON-yyyy'));
INSERT INTO bedden VALUES (4, 'ZW1004', 'N1', 'N', TO_DATE('01-NOV-2016','dd-MON-yyyy'));
INSERT INTO bedden VALUES (5, 'ZW1005', 'N2', 'J', TO_DATE('03-JAN-2016','dd-MON-yyyy'));
COMMIT;
INSERT INTO bedden VALUES (6, 'ZW1006', 'N1', 'N', TO_DATE('01-NOV-2016','dd-MON-yyyy'));
INSERT INTO bedden VALUES (7, 'ZW1010', 'N1', 'N', TO_DATE('03-JAN-2016','dd-MON-yyyy'));
INSERT INTO bedden VALUES (8, 'ZW1010', 'N2', 'J', TO_DATE('03-JAN-2016','dd-MON-yyyy'));
INSERT INTO bedden VALUES (9, 'ZW1011', 'N2', 'J', TO_DATE('03-JAN-2016','dd-MON-yyyy'));
INSERT INTO bedden VALUES (10,'ZW1011', 'N2', 'J', TO_DATE('03-JAN-2016','dd-MON-yyyy'));
COMMIT;
INSERT INTO bedden VALUES (11, 'ZW1012', 'N1', 'N', TO_DATE('01-NOV-2016','dd-MON-yyyy'));
INSERT INTO bedden VALUES (12, 'ZW1012', 'N3', 'J', TO_DATE('01-JAN-2016','dd-MON-yyyy'));
INSERT INTO bedden VALUES (13, 'ZW1013', 'N3', 'J', TO_DATE('01-JAN-2016','dd-MON-yyyy'));
INSERT INTO bedden VALUES (14, 'ZW1013', 'N1', 'N', TO_DATE('01-NOV-2016','dd-MON-yyyy'));
INSERT INTO bedden VALUES (15, 'ZW1014', 'N1', 'N', TO_DATE('01-NOV-2016','dd-MON-yyyy'));
COMMIT;
INSERT INTO bedden VALUES (16, 'ZW1014', 'N1', 'N', TO_DATE('01-NOV-2016','dd-MON-yyyy'));
INSERT INTO bedden VALUES (17, 'ZW1015', 'N3', 'J', TO_DATE('01-JAN-2016','dd-MON-yyyy'));
INSERT INTO bedden VALUES (18, 'ZW1015', 'N3', 'N', TO_DATE('01-NOV-2016','dd-MON-yyyy'));
REM Heelkunde, locatie NoordWest
INSERT INTO bedden VALUES (19, 'ZW1001', 'N3', 'J', TO_DATE('03-JAN-2016','dd-MON-yyyy'));
INSERT INTO bedden VALUES (20, 'ZW1002', 'N1', 'N', TO_DATE('01-NOV-2016','dd-MON-yyyy'));
COMMIT;
INSERT INTO bedden VALUES (21, 'ZW1003', 'N3', 'J', TO_DATE('03-JAN-2016','dd-MON-yyyy'));
INSERT INTO bedden VALUES (22, 'ZW1004', 'N2', 'J', TO_DATE('03-JAN-2016','dd-MON-yyyy'));
INSERT INTO bedden VALUES (23, 'ZW1005', 'N2', 'N', TO_DATE('01-NOV-2016','dd-MON-yyyy'));
INSERT INTO bedden VALUES (24, 'ZW1006', 'N2', 'N', TO_DATE('01-NOV-2016','dd-MON-yyyy'));
INSERT INTO bedden VALUES (25, 'ZW1010', 'N1', 'J', TO_DATE('03-JAN-2016','dd-MON-yyyy'));
COMMIT;
INSERT INTO bedden VALUES (26, 'ZW1010', 'N3', 'N', TO_DATE('01-NOV-2016','dd-MON-yyyy'));
INSERT INTO bedden VALUES (27, 'ZW1011', 'N2', 'J', TO_DATE('03-JAN-2016','dd-MON-yyyy'));
INSERT INTO bedden VALUES (28, 'ZW1011', 'N2', 'N', TO_DATE('01-NOV-2016','dd-MON-yyyy'));
INSERT INTO bedden VALUES (29, 'ZW1012', 'N1', 'J', TO_DATE('03-JAN-2016','dd-MON-yyyy'));
INSERT INTO bedden VALUES (30, 'ZW1012', 'N3', 'N', TO_DATE('01-NOV-2016','dd-MON-yyyy'));
COMMIT;
INSERT INTO bedden VALUES (31, 'ZW1013', 'N2', 'N', TO_DATE('01-NOV-2016','dd-MON-yyyy'));
INSERT INTO bedden VALUES (32, 'ZW1013', 'N1', 'J', TO_DATE('03-JAN-2016','dd-MON-yyyy'));
INSERT INTO bedden VALUES (33, 'ZW1014', 'N1', 'J', TO_DATE('03-JAN-2016','dd-MON-yyyy'));
INSERT INTO bedden VALUES (34, 'ZW1014', 'N1', 'N', TO_DATE('01-NOV-2016','dd-MON-yyyy'));
INSERT INTO bedden VALUES (35, 'ZW1015', 'N3', 'J', TO_DATE('01-JAN-2016','dd-MON-yyyy'));
COMMIT;
INSERT INTO bedden VALUES (36, 'ZW1015', 'N1', 'N', TO_DATE('01-NOV-2016','dd-MON-yyyy'));
REM Radiologie
INSERT INTO bedden VALUES (100, 'RA0075', 'RA', 'N', TO_DATE('01-NOV-2016','dd-MON-yyyy'));
INSERT INTO bedden VALUES (101, 'RA0075', 'RA', 'J', TO_DATE('01-nov-2008','dd-MON-yyyy'));
INSERT INTO bedden VALUES (102, 'RA0076', 'RA', 'N', TO_DATE('01-NOV-2016','dd-MON-yyyy'));
INSERT INTO bedden VALUES (103, 'RA0077', 'RA', 'N', TO_DATE('01-NOV-2016','dd-MON-yyyy'));
COMMIT;
INSERT INTO bedden VALUES (104, 'RA0077', 'RA', 'J', TO_DATE('01-nov-2008','dd-MON-yyyy'));
INSERT INTO bedden VALUES (105, 'RA0077', 'RA', 'N', TO_DATE('01-NOV-2016','dd-MON-yyyy'));
INSERT INTO bedden VALUES (106, 'RA0078', 'RA', 'J', TO_DATE('01-nov-2008','dd-MON-yyyy'));
INSERT INTO bedden VALUES (107, 'RA0078', 'RA', 'J', TO_DATE('01-nov-2008','dd-MON-yyyy'));
REM Eerste Hulp
INSERT INTO bedden VALUES (50, 'EH0001', 'EH', 'N', TO_DATE('01-NOV-2016','dd-MON-yyyy'));
COMMIT;
INSERT INTO bedden VALUES (51, 'EH0001', 'EH', 'J', TO_DATE('01-nov-2008','dd-MON-yyyy'));
INSERT INTO bedden VALUES (52, 'EH0001', 'E2', 'N', TO_DATE('01-NOV-2016','dd-MON-yyyy'));
INSERT INTO bedden VALUES (53, 'EH0001', 'E2', 'N', TO_DATE('01-NOV-2016','dd-MON-yyyy'));
INSERT INTO bedden VALUES (59, 'EH0001', 'E3', 'N', TO_DATE('01-NOV-2016','dd-MON-yyyy'));
INSERT INTO bedden VALUES (54, 'EH0002', 'EH', 'J', TO_DATE('01-nov-2008','dd-MON-yyyy'));
COMMIT;
INSERT INTO bedden VALUES (55, 'EH0002', 'EH', 'N', TO_DATE('01-NOV-2016','dd-MON-yyyy'));
INSERT INTO bedden VALUES (56, 'EH0002', 'E2', 'N', TO_DATE('01-NOV-2016','dd-MON-yyyy'));
INSERT INTO bedden VALUES (57, 'EH0002', 'E2', 'J', TO_DATE('01-nov-2008','dd-MON-yyyy'));
INSERT INTO bedden VALUES (58, 'EH0002', 'E3', 'N', TO_DATE('01-NOV-2016','dd-MON-yyyy'));
REM Verkoever
INSERT INTO bedden VALUES (70, 'VK0001', 'N2', 'N', TO_DATE('01-NOV-2016','dd-MON-yyyy'));
COMMIT;
INSERT INTO bedden VALUES (71, 'VK0023', 'N2', 'J', TO_DATE('01-nov-2008','dd-MON-yyyy'));
INSERT INTO bedden VALUES (72, 'VK0023', 'N2', 'N', TO_DATE('01-NOV-2016','dd-MON-yyyy'));
INSERT INTO bedden VALUES (73, 'VK0024', 'N2', 'J', TO_DATE('01-nov-2008','dd-MON-yyyy'));
INSERT INTO bedden VALUES (74, 'VK0031', 'N3', 'N', TO_DATE('01-NOV-2016','dd-MON-yyyy'));
INSERT INTO bedden VALUES (75, 'VK0032', 'N2', 'N', TO_DATE('01-NOV-2016','dd-MON-yyyy'));
COMMIT;
INSERT INTO bedden VALUES (76, 'VK0032', 'N2', 'N', TO_DATE('01-NOV-2016','dd-MON-yyyy'));
INSERT INTO bedden VALUES (77, 'VK0032', 'N1', 'N', TO_DATE('01-NOV-2016','dd-MON-yyyy'));
REM Chirurgie
INSERT INTO bedden VALUES (1001, 'OP0001', 'CH', NULL, TO_DATE('06-JAN-2016','dd-MON-yyyy'));
INSERT INTO bedden VALUES (1002, 'OP0002', 'CH', NULL, TO_DATE('06-JAN-2016','dd-MON-yyyy'));
INSERT INTO bedden VALUES (1003, 'OP0003', 'CH', NULL, TO_DATE('06-JAN-2016','dd-MON-yyyy'));
COMMIT;
INSERT INTO bedden VALUES (1004, 'OP0004', 'CH', NULL, TO_DATE('06-JAN-2016','dd-MON-yyyy'));
REM Oncologie
INSERT INTO bedden VALUES (2001, 'ZW3001', 'N1', 'N', TO_DATE('01-NOV-2016','dd-MON-yyyy'));
INSERT INTO bedden VALUES (2002, 'ZW3002', 'N2', 'J', TO_DATE('01-NOV-2016','dd-MON-yyyy'));
INSERT INTO bedden VALUES (2003, 'ZW3003', 'N2', 'N', TO_DATE('01-NOV-2016','dd-MON-yyyy'));
INSERT INTO bedden VALUES (2004, 'ZW3004', 'N3', 'J', TO_DATE('01-NOV-2016','dd-MON-yyyy'));
COMMIT;
INSERT INTO bedden VALUES (2005, 'ZW3005', 'N1', 'N', TO_DATE('01-NOV-2016','dd-MON-yyyy'));
INSERT INTO bedden VALUES (2006, 'ZW3005', 'N1', 'J', TO_DATE('01-NOV-2016','dd-MON-yyyy'));
INSERT INTO bedden VALUES (2007, 'ZW3006', 'N2', 'N', TO_DATE('01-NOV-2016','dd-MON-yyyy'));
INSERT INTO bedden VALUES (2008, 'ZW3006', 'N2', 'N', TO_DATE('01-NOV-2016','dd-MON-yyyy'));
INSERT INTO bedden VALUES (2009, 'ZW3007', 'N1', 'N', TO_DATE('01-NOV-2016','dd-MON-yyyy'));
COMMIT;
INSERT INTO bedden VALUES (2010, 'ZW3007', 'N1', 'N', TO_DATE('01-NOV-2016','dd-MON-yyyy'));
INSERT INTO bedden VALUES (2016, 'ZW3008', 'N3', 'J', TO_DATE('01-NOV-2016','dd-MON-yyyy'));
INSERT INTO bedden VALUES (2012, 'ZW3008', 'N3', 'N', TO_DATE('01-NOV-2016','dd-MON-yyyy'));
REM Intensive Care
INSERT INTO bedden VALUES (2100, 'NW3001', 'N2', 'N', TO_DATE('01-NOV-2016','dd-MON-yyyy'));
INSERT INTO bedden VALUES (2101, 'NW3011', 'N2', 'N', TO_DATE('01-NOV-2016','dd-MON-yyyy'));
COMMIT;
INSERT INTO bedden VALUES (2102, 'NW3021', 'N2', 'J', TO_DATE('01-NOV-2016','dd-MON-yyyy'));
INSERT INTO bedden VALUES (2103, 'NW3031', 'N2', 'N', TO_DATE('01-NOV-2016','dd-MON-yyyy'));
INSERT INTO bedden VALUES (2104, 'NW3031', 'N2', 'N', TO_DATE('01-NOV-2016','dd-MON-yyyy'));
INSERT INTO bedden VALUES (2105, 'NW3051', 'N2', 'N', TO_DATE('01-NOV-2016','dd-MON-yyyy'));
INSERT INTO bedden VALUES (2106, 'NW3061', 'N2', 'J', TO_DATE('01-NOV-2016','dd-MON-yyyy'));
COMMIT;
REM Kindergeneeskunde
INSERT INTO bedden VALUES (5001, 'ZW2101', 'K1', 'J', TO_DATE('01-NOV-2016','dd-MON-yyyy'));
INSERT INTO bedden VALUES (5002, 'ZW2102', 'K1', 'N', TO_DATE('01-NOV-2016','dd-MON-yyyy'));
INSERT INTO bedden VALUES (5003, 'ZW2103', 'K1', 'N', TO_DATE('01-NOV-2016','dd-MON-yyyy'));
INSERT INTO bedden VALUES (5004, 'ZW2104', 'K2', 'N', TO_DATE('01-NOV-2016','dd-MON-yyyy'));
INSERT INTO bedden VALUES (5005, 'ZW2105', 'K2', 'N', TO_DATE('01-NOV-2016','dd-MON-yyyy'));
COMMIT;
INSERT INTO bedden VALUES (5006, 'ZW2111', 'K2', 'N', TO_DATE('01-NOV-2016','dd-MON-yyyy'));
INSERT INTO bedden VALUES (5007, 'ZW2111', 'K2', 'N', TO_DATE('01-NOV-2016','dd-MON-yyyy'));
INSERT INTO bedden VALUES (5008, 'ZW2112', 'K1', 'N', TO_DATE('01-NOV-2016','dd-MON-yyyy'));
INSERT INTO bedden VALUES (5009, 'ZW2112', 'K1', 'N', TO_DATE('01-NOV-2016','dd-MON-yyyy'));
INSERT INTO bedden VALUES (5010, 'ZW2113', 'K1', 'J', TO_DATE('01-NOV-2016','dd-MON-yyyy'));
COMMIT;
INSERT INTO bedden VALUES (5011, 'ZW2113', 'K2', 'N', TO_DATE('01-NOV-2016','dd-MON-yyyy'));
INSERT INTO bedden VALUES (5012, 'ZW2114', 'K2', 'J', TO_DATE('01-NOV-2016','dd-MON-yyyy'));
INSERT INTO bedden VALUES (5013, 'ZW2114', 'K2', 'N', TO_DATE('01-NOV-2016','dd-MON-yyyy'));
COMMIT;

REM Vullen van de tabel patient - 60 rijen -
REM Patiënten op afdeling Heelkunde, locatie ZuidWest
INSERT INTO patienten VALUES ('100001', '111111111', 'Abrahams', 'Andrew', NULL, 'Eisenhowerlaan 100', 'Aardenburg', 'GR', '6202 BB', TO_DATE('02-JAN-2003','DD-MON-YYYY'), '1005551212', TO_DATE('01-NOV-2013','dd-MON-yyyy'));
INSERT INTO patienten VALUES ('100002', '222222222', 'Bennink', 'Barbara', NULL, 'Rozenlaan 5', 'Aardenburg', 'GR', '6202 RC', TO_DATE('02-JAN-1961','DD-MON-YYYY'), '1005551000',  TO_DATE('01-NOV-2013','dd-MON-yyyy'));
INSERT INTO patienten VALUES ('100003', '333333333', 'Chevalier', 'Ruud', NULL, 'Starkenborgstraat 27', 'Groningen', 'GR', '6202 JH', TO_DATE('14-FEB-1973','DD-MON-YYYY'), '1005552000',  TO_DATE('01-NOV-2013','dd-MON-yyyy'));
INSERT INTO patienten VALUES ('100024', '444444444', 'Davids', 'Donald', NULL, 'Zagerij 1', 'Groningen', 'GR', '6202 BC', TO_DATE('14-APR-1983','DD-MON-YYYY'), '1005552002',  TO_DATE('01-NOV-2013','dd-MON-yyyy'));
INSERT INTO patienten VALUES ('100025', '555555555', 'Everaert', 'Ernst', NULL, 'PC Hooftstraat 45', 'Eindhoven', 'NB', '6202 FG', TO_DATE('05-DEC-1975','DD-MON-YYYY'), '1005552001',  TO_DATE('01-NOV-2013','dd-MON-yyyy'));
COMMIT;
INSERT INTO patienten VALUES ('100026', '666666666', 'Francken', 'Ferdinand', NULL, 'Markt 4', 'Eindhoven', 'NB', '6202 GH', TO_DATE('16-DEC-1976','DD-MON-YYYY'), '1005552004',  TO_DATE('01-NOV-2013','dd-MON-yyyy'));
INSERT INTO patienten VALUES ('100027', '777777777', 'Groothuis', 'Gerard', NULL, 'Garensteeg 245', 'Aardenburg', 'ZE', '6202 HJ', TO_DATE('05-DEC-1951','DD-MON-YYYY'), '1005551001', TO_DATE('01-NOV-2013','dd-MON-yyyy'));
INSERT INTO patienten VALUES ('100028', '888888888', 'Harmsen', 'Harold', NULL, 'Nijverheidsweg 42', 'Aardenburg', 'ZE', '6202 JK', TO_DATE('03-NOV-1948','DD-MON-YYYY'), '1005551002', TO_DATE('01-NOV-2013','dd-MON-yyyy'));
INSERT INTO patienten VALUES ('100029', '999999999', 'Ingels', 'Ingrid', NULL, 'Noordstraat 12', 'Aardenburg', 'ZE', '6202 JK', TO_DATE('13-NOV-1973','DD-MON-YYYY'), '1005551004',  TO_DATE('01-NOV-2013','dd-MON-yyyy'));
INSERT INTO patienten VALUES ('100030', '111000000', 'Jungerius', 'Juliette', NULL, 'Nieuwendijk 14', 'Aardenburg', 'ZE', '6202 KL', TO_DATE('15-NOV-1975','DD-MON-YYYY'), '1005551005',  TO_DATE('01-NOV-2013','dd-MON-yyyy'));
COMMIT;
REM Patiënten op afdeling Heelkunde, locatie NoordWest
INSERT INTO patienten VALUES ('100031', '111000031', 'Kramer', 'Karel', NULL, 'Overijssellaan 405', 'Aardenburg', 'ZE', '6202 LM', TO_DATE('11-DEC-1979','DD-MON-YYYY'), '1005551006',  TO_DATE('01-NOV-2013','dd-MON-yyyy'));
INSERT INTO patienten VALUES ('100050', '111000050', 'Lamers', 'Linda', NULL, 'Overijssellaan 406', 'Aardenburg', 'ZE', '6202 MN', TO_DATE('21-JUN-1979','DD-MON-YYYY'), '1005551007',  TO_DATE('01-NOV-2013','dd-MON-yyyy'));
INSERT INTO patienten VALUES ('100051', '111000051', 'Monasch', 'Moniek', NULL, 'Moleneinde 5', 'Eindhoven', 'NB', '6202 NO', TO_DATE('21-JUN-1952','DD-MON-YYYY'), '1005551007',  TO_DATE('01-NOV-2013','dd-MON-yyyy'));
INSERT INTO patienten VALUES ('100301', '222333301', 'Nonneman', 'Nancy', NULL, 'Abdijstraat 35', 'Eindhoven', 'NB', '6202 OP', TO_DATE('21-JUN-1963','DD-MON-YYYY'), '1005551034',  TO_DATE('01-NOV-2013','dd-MON-yyyy'));
INSERT INTO patienten VALUES ('100302', '222333302', 'Ongena', 'Odette', NULL, 'Kloosterstraat 20', 'Eindhoven', 'NB', '6202 PQ', TO_DATE('04-JUN-1972','DD-MON-YYYY'), '1005551035',  TO_DATE('01-NOV-2013','dd-MON-yyyy'));
COMMIT;
INSERT INTO patienten VALUES ('100303', '222333303', 'Pauwels', 'Peter', NULL, 'Markweg 22', 'Eindhoven', 'NB', '6202 QS', TO_DATE('04-JUN-1983','DD-MON-YYYY'), '1005551036',  TO_DATE('01-NOV-2013','dd-MON-yyyy'));
INSERT INTO patienten VALUES ('100304', '222333304', 'Quaak', 'Rinus', 'van der', 'Stevenshof 76', 'Eindhoven', 'NB', '6202 RS', TO_DATE('07-JUN-1984','DD-MON-YYYY'), '1005551037',  TO_DATE('01-NOV-2013','dd-MON-yyyy'));
INSERT INTO patienten VALUES ('100305', '222333305', 'Ridderhof', 'Ricardo', NULL, 'Mersenstraat 105', 'Eindhoven', 'NB', '6202 ST', TO_DATE('07-JUN-1984','DD-MON-YYYY'), '1005551038',  TO_DATE('01-NOV-2013','dd-MON-yyyy'));
INSERT INTO patienten VALUES ('100306', '222333306', 'Schiedam', 'Sam', 'van', 'Scheveningenallee 22', 'Eindhoven', 'NB', '6202 TU', TO_DATE('07-JUN-1984','DD-MON-YYYY'), '1005551039',  TO_DATE('01-NOV-2013','dd-MON-yyyy'));
REM Patiënten op afdeling Radiologie 
INSERT INTO patienten VALUES ('100422', '222422001', 'Terberg', 'Tessa', NULL, 'Noordkaap 2', 'Franeker', 'FR', '6233 UV', TO_DATE('30-JUL-1978','DD-MON-YYYY'), '1005551111',  TO_DATE('01-NOV-2013','dd-MON-yyyy'));
COMMIT;
INSERT INTO patienten VALUES ('100423', '222422003', 'Uyttenhage', 'Theo', NULL, 'Eenhoorn 16', 'Franeker', 'FR', '6233 VU', TO_DATE('28-JUL-1983','DD-MON-YYYY'), '1005551112',  TO_DATE('01-NOV-2013','dd-MON-yyyy'));
INSERT INTO patienten VALUES ('100424', '222422004', 'Victorius', 'Vincent', NULL, 'Namenstraat 16', 'Eindhoven', 'NB', '6202 WX', TO_DATE('04-JUL-1976','DD-MON-YYYY'), '1005551114',  TO_DATE('01-NOV-2013','dd-MON-yyyy'));
INSERT INTO patienten VALUES ('100425', '222422005', 'Willemsen', 'Ward', NULL, 'Eglantier 168', 'Eindhoven', 'NB', '6202 XD', TO_DATE('05-JUL-1967','DD-MON-YYYY'), '1005551115',  TO_DATE('01-NOV-2013','dd-MON-yyyy'));
REM Patiënten bij Eerste Hulp 
INSERT INTO patienten VALUES ('100500', '222500001', 'Younis', 'Yoko', NULL, 'Hoofdstraat 505', 'Eindhoven', 'NB', '6202 ZA', TO_DATE('15-APR-1983','DD-MON-YYYY'), '1005555001',  TO_DATE('01-NOV-2013','dd-MON-yyyy'));
INSERT INTO patienten VALUES ('100501', '222500002', 'Zeven', 'Zeus', 'van', 'Zandstraat 51', 'Eindhoven', 'NB', '6202 AB', TO_DATE('1-JUL-1969','DD-MON-YYYY'), '1005555001',  TO_DATE('01-NOV-2013','dd-MON-yyyy'));
COMMIT;
INSERT INTO patienten VALUES ('100502', '222500000', 'Assendelft', 'Arthur', 'van', 'Aardster 1', 'Franeker', 'FR', '6233 VB', TO_DATE('12-AUG-1968','DD-MON-YYYY'), '1005555002',  TO_DATE('01-NOV-2013','dd-MON-yyyy'));
INSERT INTO patienten VALUES ('100503', '222500003', 'Boudewijn', 'Bas', NULL, 'Wagensveld 5', 'Franeker', 'FR', '6233 SE', TO_DATE('03-SEP-1943','DD-MON-YYYY'), '1005555003',  TO_DATE('01-NOV-2013','dd-MON-yyyy'));
INSERT INTO patienten VALUES ('100504', '222500004', 'Chardon', 'Chris', NULL, 'Woelwater 14', 'Franeker', 'FR', '6233 LM', TO_DATE('20-APR-1963','DD-MON-YYYY'), '1005555004',  TO_DATE('01-NOV-2013','dd-MON-yyyy'));
INSERT INTO patienten VALUES ('100505', '222500005', 'Driel', 'Denise', 'van', 'Middelburglaan 114', 'Eindhoven', 'NB', '6202 NE', TO_DATE('02-JAN-1979','DD-MON-YYYY'), '1005555050',  TO_DATE('01-NOV-2013','dd-MON-yyyy'));
INSERT INTO patienten VALUES ('100506', '222500006', 'Eibergen', 'Erna', 'van', 'Noordstraat 45c', 'Eindhoven', 'NB', '6202 YA', TO_DATE('5-JAN-1978','DD-MON-YYYY'), '1005555051',  TO_DATE('01-NOV-2013','dd-MON-yyyy'));
COMMIT;
REM Patiënten op de Verkoeverafdeling
INSERT INTO patienten VALUES ('222001', '222252003', 'Fagel', 'Frans', NULL, 'Waterlelie 77', 'Eindhoven', 'NB', '6202 HA', TO_DATE('07-JUN-1966','DD-MON-YYYY'), '1005556101',  TO_DATE('01-NOV-2013','dd-MON-yyyy'));
INSERT INTO patienten VALUES ('222002', '222252002', 'Grimbergen', 'Georgette', NULL, 'Welvaartstraat 79', 'Eindhoven', 'NB', '6202 BJ', TO_DATE('07-JUN-1982','DD-MON-YYYY'), '1005556102',  TO_DATE('01-NOV-2013','dd-MON-yyyy'));
INSERT INTO patienten VALUES ('555003', '222555003', 'Hiel', 'Hanna', NULL, 'Stuiverstraat 8', 'Aardenburg', 'ZE', '6202 MR', TO_DATE('07-JUN-1982','DD-MON-YYYY'), '1005556103',  TO_DATE('01-NOV-2013','dd-MON-yyyy'));
INSERT INTO patienten VALUES ('555004', '222555004', 'Itterson', 'Ilonka', 'van', 'Narwal 22', 'Aardenburg', 'ZE', '6202 TT', TO_DATE('2-JUL-1978','DD-MON-YYYY'), '1005556104',  TO_DATE('01-NOV-2013','dd-MON-yyyy'));
INSERT INTO patienten VALUES ('555005', '222555005', 'Jonkers', 'Jochem', NULL, 'Handelskade 2', 'Franeker', 'FR', '6233 JK', TO_DATE('30-JUL-1978','DD-MON-YYYY'), '1005556105',  TO_DATE('01-NOV-2013','dd-MON-yyyy'));
COMMIT;
INSERT INTO patienten VALUES ('222006', '222555006', 'Keessen', 'Kas', NULL, 'Neerkanne 4', 'Franeker', 'FR', '6233 EK', TO_DATE('1-JAN-1964','DD-MON-YYYY'), '1005556110',  TO_DATE('01-NOV-2013','dd-MON-yyyy'));
REM Patiënten op afdeling Chirurgie
REM Op de afdeling Chirurgie worden patiënten niet aan bedden gekoppeld
REM Patiënten op afdeling Oncologie
INSERT INTO patienten VALUES ('333110', '333333110', 'Mourik', 'Maarten', 'van', 'Veeteeltstraat 53', 'Franeker', 'FR', '6233 RO', TO_DATE('12-JAN-1974','DD-MON-YYYY'), '1005556110',  TO_DATE('01-NOV-2013','dd-MON-yyyy'));
INSERT INTO patienten VALUES ('333111', '333333111', 'Leekkant', 'Lilian', NULL, 'Lekstraat 54', 'Eindhoven', 'NB', '6202 LM', TO_DATE('24-JAN-1975','DD-MON-YYYY'), '1005556111',  TO_DATE('01-NOV-2013','dd-MON-yyyy'));
INSERT INTO patienten VALUES ('333112', '333333112', 'Overdijk', 'Otto', NULL, 'Rooseveltlaan 73', 'Eindhoven', 'NB', '6202 EP', TO_DATE('16-FEB-1948','DD-MON-YYYY'), '1005556112',  TO_DATE('01-NOV-2013','dd-MON-yyyy'));
INSERT INTO patienten VALUES ('333113', '333333113', 'Noorman', 'Nol', NULL, 'Millinxstraat 25', 'Aardenburg', 'ZE', '6202 JH', TO_DATE('14-NOV-1949','DD-MON-YYYY'), '1005556113',  TO_DATE('01-NOV-2013','dd-MON-yyyy'));
COMMIT;
INSERT INTO patienten VALUES ('333114', '333333114', 'Persijn', 'Ronnie', NULL, 'Nicodemusstraat 105', 'Aardenburg', 'ZE', '6202 BM', TO_DATE('01-APR-1992','DD-MON-YYYY'), '1005556114',  TO_DATE('01-NOV-2013','dd-MON-yyyy'));
INSERT INTO patienten VALUES ('333115', '333333115', 'Roelofs', 'Reece', NULL, 'Romeinenweg 101', 'Aardenburg', 'ZE', '6202 AM', TO_DATE('11-APR-1939','DD-MON-YYYY'), '1005556115',  TO_DATE('01-NOV-2013','dd-MON-yyyy'));
INSERT INTO patienten VALUES ('333116', '333333116', 'Quanjel', 'Regina', NULL, 'van Eeghenstraat 23', 'Franeker', 'FR', '6233 HD', TO_DATE('21-AUG-1941','DD-MON-YYYY'), '1005556116',  TO_DATE('01-NOV-2013','dd-MON-yyyy'));
INSERT INTO patienten VALUES ('333117', '333333117', 'Steenhuis', 'Sandra', NULL, 'Aagje Dekenstraat 6', 'Franeker', 'FR', '6233 EC', TO_DATE('22-SEP-1946','DD-MON-YYYY'), '1005556117',  TO_DATE('01-NOV-2013','dd-MON-yyyy'));
REM Patiënten op afdeling Intensive Care
INSERT INTO patienten VALUES ('666117', '333666117', 'Tennema', 'Thomas', NULL, 'Kortekaasplantsoen 77', 'Franeker', 'FR', '6233 CE', TO_DATE('02-SEP-1966','DD-MON-YYYY'), '1005557001',  TO_DATE('01-NOV-2013','dd-MON-yyyy'));
COMMIT;
INSERT INTO patienten VALUES ('666118', '333666118', 'Vanders', 'Viviënne', NULL, 'IJsselmeerweg 17', 'Eindhoven', 'NB', '6202 RH', TO_DATE('3-DEC-1946','DD-MON-YYYY'), '1005557002',  TO_DATE('01-NOV-2013','dd-MON-yyyy'));
INSERT INTO patienten VALUES ('666119', '333666119', 'Ulst', 'Umberto', 'van der', 'Oostrandpark 36', 'Eindhoven', 'NB', '6202 MB', TO_DATE('13-AUG-1935','DD-MON-YYYY'), '1005557003',  TO_DATE('01-NOV-2013','dd-MON-yyyy'));
INSERT INTO patienten VALUES ('666120', '333666120', 'Ysebaart', 'Yenneke', NULL, 'Hulststraat 42', 'Eindhoven', 'NB', '6202 LY', TO_DATE('3-SEP-1946','DD-MON-YYYY'), '1005557003',  TO_DATE('01-NOV-2013','dd-MON-yyyy'));
INSERT INTO patienten VALUES ('666121', '333666121', 'Zonneberg', 'Zita', NULL, 'Piet Heinstraat 12', 'Aardenburg', 'ZE', '6202 TZ', TO_DATE('30-NOV-1942','DD-MON-YYYY'), '1005557003',  TO_DATE('01-NOV-2013','dd-MON-yyyy'));
REM op de afdeling Kindergeneeskunde
INSERT INTO patienten VALUES ('421221', '777343221', 'Algera', 'Albert', 'A', 'Julianastraat 9', 'Aardenburg', 'ZE', '6202 IK', TO_DATE('30-APR-2015','DD-MON-YYYY'), '1005558021',  TO_DATE('01-NOV-2015','dd-MON-YYYY'));
COMMIT;
INSERT INTO patienten VALUES ('421222', '777343222', 'Bogerd', 'Bert', 'van den', 'Schoener 8', 'Aardenburg', 'ZE', '6202 EE', TO_DATE('30-NOV-2003','DD-MON-YYYY'), '1005558022',  TO_DATE('01-NOV-2013','dd-MON-yyyy'));
INSERT INTO patienten VALUES ('421223', '777343223', 'Coenders', 'Cees', NULL, 'Baudeloo 100', 'Eindhoven', 'NB', '6202 TT', TO_DATE('03-SEP-2002','DD-MON-YYYY'), '1005558023',  TO_DATE('01-NOV-2013','dd-MON-yyyy'));
INSERT INTO patienten VALUES ('421224', '777343224', 'Donders', 'Dirk', NULL, 'Madeleineweg 42', 'Aardenburg', 'ZE', '6202 BO', TO_DATE('13-JAN-2014','DD-MON-YYYY'), '1005558024',  TO_DATE('01-NOV-2014','dd-MON-YYYY'));
INSERT INTO patienten VALUES ('421225', '777343225', 'Eilers', 'Erika', NULL, 'Trapezestraat 105', 'Eindhoven', 'NB', '6202 DB', TO_DATE('15-APR-2013','DD-MON-YYYY'), '1005558025',  TO_DATE('01-NOV-2013','dd-MON-yyyy'));
INSERT INTO patienten VALUES ('421226', '777343226', 'Fultinga', 'Frank', NULL, 'Amelandstraat 8', 'Franeker', 'FR', '6233 LH', TO_DATE('16-JAN-2005','DD-MON-YYYY'), '1005558026',  TO_DATE('01-NOV-2013','dd-MON-yyyy')); 
COMMIT;
INSERT INTO patienten VALUES ('421227', '777343227', 'Grosveld', 'Greetje', NULL, 'Nepveulaan 3', 'Aardenburg', 'ZE', '6202 NG', TO_DATE('31-DEC-2004','DD-MON-YYYY'), '1005558027',  TO_DATE('01-NOV-2013','dd-MON-yyyy'));
REM Patiënten die op dit moment niet in het ziekenhuis liggen en niet gekoppeld zijn aan een bed
INSERT INTO patienten VALUES ('421228', '777343228', 'Holtkamp', 'Ronald', NULL, 'Nobelstraat 15', 'Aardenburg', 'ZE', '6202 MK', TO_DATE('31-DEC-1985','DD-MON-YYYY'), '1005558028',  TO_DATE('01-NOV-2013','dd-MON-yyyy'));
INSERT INTO patienten VALUES ('421229', '777343229', 'Mul', 'Marian', NULL, 'Ampsen 16', 'Eindhoven', 'NB', '6202 MM', TO_DATE('05-JAN-2013','DD-MON-YYYY'), '1005558029',  TO_DATE('01-NOV-2013','dd-MON-yyyy'));
INSERT INTO patienten VALUES ('181230', '888343230', 'Noordman', 'Norbert', NULL, 'Bergstraat 205', 'Franeker', 'FR', '6233 HM', TO_DATE('05-JAN-2002','DD-MON-YYYY'), '1005558030',  TO_DATE('01-NOV-2013','dd-MON-yyyy'));
INSERT INTO patienten VALUES ('191449', '222343529', 'Overdijk', 'Onno', NULL, 'Abeel 167', 'Franeker', 'FR', '6233 PR', TO_DATE('22-FEB-1978','DD-MON-YYYY'), '1005558031',  TO_DATE('01-NOV-2013','dd-MON-yyyy'));
COMMIT;
DROP SEQUENCE seq_opname;
CREATE SEQUENCE seq_opname
START WITH 1
INCREMENT BY 1;
REM Vullen van de tabel patientopnames - 60 rijen
INSERT INTO patientopnames(opnamenr,datum,uur,patientnr,bednr)
VALUES(seq_opname.NEXTVAL,TO_DATE('01-NOV-2016','dd-MON-yyyy'),1715,100001,5007);
INSERT INTO patientopnames (opnamenr,datum,uur,patientnr,bednr)
VALUES(seq_opname.NEXTVAL,TO_DATE('01-NOV-2016','dd-MON-yyyy'),0810,100002,1);
INSERT INTO patientopnames(opnamenr,datum,uur,patientnr,bednr)
VALUES(seq_opname.NEXTVAL,TO_DATE('01-NOV-2016','dd-MON-yyyy'),2145,100003,4);
INSERT INTO patientopnames(opnamenr,datum,uur,patientnr,bednr)
VALUES(seq_opname.NEXTVAL,TO_DATE('01-NOV-2016','dd-MON-yyyy'),2200,100024,6);
INSERT INTO patientopnames(opnamenr,datum,uur,patientnr,bednr)
VALUES(seq_opname.NEXTVAL,TO_DATE('01-NOV-2016','dd-MON-yyyy'),0730,100025,7);
INSERT INTO patientopnames(opnamenr,datum,uur,patientnr,bednr)
VALUES(seq_opname.NEXTVAL,TO_DATE('01-NOV-2016','dd-MON-yyyy'),1456,100026,11);
INSERT INTO patientopnames(opnamenr,datum,uur,patientnr,bednr)
VALUES(seq_opname.NEXTVAL,TO_DATE('01-NOV-2016','dd-MON-yyyy'),0245,100027,14);
INSERT INTO patientopnames(opnamenr,datum,uur,patientnr,bednr)
VALUES(seq_opname.NEXTVAL,TO_DATE('01-NOV-2016','dd-MON-yyyy'),1755,100028,15);
INSERT INTO patientopnames(opnamenr,datum,uur,patientnr,bednr)
VALUES(seq_opname.NEXTVAL,TO_DATE('01-NOV-2016','dd-MON-yyyy'),0710,100029,16);
INSERT INTO patientopnames(opnamenr,datum,uur,patientnr,bednr)
VALUES(seq_opname.NEXTVAL,TO_DATE('01-NOV-2016','dd-MON-yyyy'),0400,100030,18);
INSERT INTO patientopnames(opnamenr,datum,uur,patientnr,bednr)
VALUES(seq_opname.NEXTVAL,TO_DATE('01-NOV-2016','dd-MON-yyyy'),1645,100031,20);
INSERT INTO patientopnames(opnamenr,datum,uur,patientnr,bednr)
VALUES(seq_opname.NEXTVAL,TO_DATE('01-NOV-2016','dd-MON-yyyy'),1700,100050,23);
INSERT INTO patientopnames(opnamenr,datum,uur,patientnr,bednr)
VALUES(seq_opname.NEXTVAL,TO_DATE('01-NOV-2016','dd-MON-yyyy'),0400,100051,24);
INSERT INTO patientopnames(opnamenr,datum,uur,patientnr,bednr)
VALUES(seq_opname.NEXTVAL,TO_DATE('01-NOV-2016','dd-MON-yyyy'),0400,100301,26);
INSERT INTO patientopnames(opnamenr,datum,uur,patientnr,bednr)
VALUES(seq_opname.NEXTVAL,TO_DATE('01-NOV-2016','dd-MON-yyyy'),0400,100302,28);
INSERT INTO patientopnames(opnamenr,datum,uur,patientnr,bednr)
VALUES(seq_opname.NEXTVAL,TO_DATE('01-NOV-2016','dd-MON-yyyy'),0400,100303,30);
INSERT INTO patientopnames(opnamenr,datum,uur,patientnr,bednr)
VALUES(seq_opname.NEXTVAL,TO_DATE('01-NOV-2016','dd-MON-yyyy'),0400,100304,31);
INSERT INTO patientopnames(opnamenr,datum,uur,patientnr,bednr)
VALUES(seq_opname.NEXTVAL,TO_DATE('01-NOV-2016','dd-MON-yyyy'),0400,100305,34);
INSERT INTO patientopnames(opnamenr,datum,uur,patientnr,bednr)
VALUES(seq_opname.NEXTVAL,TO_DATE('01-NOV-2016','dd-MON-yyyy'),0400,100306,36);
INSERT INTO patientopnames(opnamenr,datum,uur,patientnr,bednr)
VALUES(seq_opname.NEXTVAL,TO_DATE('01-NOV-2016','dd-MON-yyyy'),1125,100422,100);
INSERT INTO patientopnames(opnamenr,datum,uur,patientnr,bednr)
VALUES (seq_opname.NEXTVAL,TO_DATE('01-NOV-2016','dd-MON-yyyy'),0650,100423,102);
INSERT INTO patientopnames(opnamenr,datum,uur,patientnr,bednr)
VALUES(seq_opname.NEXTVAL,TO_DATE('01-NOV-2016','dd-MON-yyyy'),0115,100424,103);
INSERT INTO patientopnames(opnamenr,datum,uur,patientnr,bednr)
VALUES(seq_opname.NEXTVAL,TO_DATE('01-NOV-2016','dd-MON-yyyy'),0100,100425,105);
INSERT INTO patientopnames(opnamenr,datum,uur,patientnr,bednr)
VALUES(seq_opname.NEXTVAL,TO_DATE('01-NOV-2016','dd-MON-yyyy'),1440,100500,50);
INSERT INTO patientopnames(opnamenr,datum,uur,patientnr,bednr)
VALUES(seq_opname.NEXTVAL,TO_DATE('01-NOV-2016','dd-MON-yyyy'),0145,100501,52);
INSERT INTO patientopnames(opnamenr,datum,uur,patientnr,bednr)
VALUES(seq_opname.NEXTVAL,TO_DATE('01-NOV-2016','dd-MON-yyyy'),0815,100502,53);
INSERT INTO patientopnames(opnamenr,datum,uur,patientnr,bednr)
VALUES(seq_opname.NEXTVAL,TO_DATE('01-NOV-2016','dd-MON-yyyy'),0930,100503,59);
INSERT INTO patientopnames(opnamenr,datum,uur,patientnr,bednr)
VALUES(seq_opname.NEXTVAL,TO_DATE('01-NOV-2016','dd-MON-yyyy'),1123,100504,55);
INSERT INTO patientopnames(opnamenr,datum,uur,patientnr,bednr)
VALUES(seq_opname.NEXTVAL,TO_DATE('01-NOV-2016','dd-MON-yyyy'),1540,100505,56);
INSERT INTO patientopnames(opnamenr,datum,uur,patientnr,bednr)
VALUES(seq_opname.NEXTVAL,TO_DATE('01-NOV-2016','dd-MON-yyyy'),0530,100506,58);
INSERT INTO patientopnames(opnamenr,datum,uur,patientnr,bednr)
VALUES(seq_opname.NEXTVAL,TO_DATE('01-NOV-2016','dd-MON-yyyy'),0730,222001,70);
INSERT INTO patientopnames(opnamenr,datum,uur,patientnr,bednr)
VALUES(seq_opname.NEXTVAL,TO_DATE('01-NOV-2016','dd-MON-yyyy'),0830,222002,72);
INSERT INTO patientopnames(opnamenr,datum,uur,patientnr,bednr)
VALUES(seq_opname.NEXTVAL,TO_DATE('01-NOV-2016','dd-MON-yyyy'),0920,555003,74);
INSERT INTO patientopnames(opnamenr,datum,uur,patientnr,bednr)
VALUES(seq_opname.NEXTVAL,TO_DATE('01-NOV-2016','dd-MON-yyyy'),1200,555004,75);
INSERT INTO patientopnames(opnamenr,datum,uur,patientnr,bednr)
VALUES(seq_opname.NEXTVAL,TO_DATE('01-NOV-2016','dd-MON-yyyy'),1100,555005,76);
INSERT INTO patientopnames(opnamenr,datum,uur,patientnr,bednr)
VALUES(seq_opname.NEXTVAL,TO_DATE('01-NOV-2016','dd-MON-yyyy'),0530,222006,77);
INSERT INTO patientopnames(opnamenr,datum,uur,patientnr,bednr)
VALUES(seq_opname.NEXTVAL,TO_DATE('01-NOV-2016','dd-MON-yyyy'),1530,333110,2001);
INSERT INTO patientopnames(opnamenr,datum,uur,patientnr,bednr)
VALUES(seq_opname.NEXTVAL,TO_DATE('01-NOV-2016','dd-MON-yyyy'),1235,333111,2003);
INSERT INTO patientopnames(opnamenr,datum,uur,patientnr,bednr)
VALUES(seq_opname.NEXTVAL,TO_DATE('01-NOV-2016','dd-MON-yyyy'),0725,333112,2005);
INSERT INTO patientopnames(opnamenr,datum,uur,patientnr,bednr)
VALUES(seq_opname.NEXTVAL,TO_DATE('01-NOV-2016','dd-MON-yyyy'),1005,333113,2007);
INSERT INTO patientopnames(opnamenr,datum,uur,patientnr,bednr)
VALUES(seq_opname.NEXTVAL,TO_DATE('01-NOV-2016','dd-MON-yyyy'),1450,333114,2008);
INSERT INTO patientopnames(opnamenr,datum,uur,patientnr,bednr)
VALUES(seq_opname.NEXTVAL,TO_DATE('01-NOV-2016','dd-MON-yyyy'),1500,333115,2010);
INSERT INTO patientopnames(opnamenr,datum,uur,patientnr,bednr)
VALUES(seq_opname.NEXTVAL,TO_DATE('01-NOV-2016','dd-MON-yyyy'),0725,333116,2009);
INSERT INTO patientopnames(opnamenr,datum,uur,patientnr,bednr)
VALUES(seq_opname.NEXTVAL,TO_DATE('01-NOV-2016','dd-MON-yyyy'),0725,333117,2012);
INSERT INTO patientopnames(opnamenr,datum,uur,patientnr,bednr)
VALUES(seq_opname.NEXTVAL,TO_DATE('01-NOV-2016','dd-MON-yyyy'),0700,666117,2100);
INSERT INTO patientopnames(opnamenr,datum,uur,patientnr,bednr)
VALUES(seq_opname.NEXTVAL,TO_DATE('01-NOV-2016','dd-MON-yyyy'),0725,666118,2101);
INSERT INTO patientopnames(opnamenr,datum,uur,patientnr,bednr)
VALUES(seq_opname.NEXTVAL,TO_DATE('01-NOV-2016','dd-MON-yyyy'),0725,666119,2103);
INSERT INTO patientopnames(opnamenr,datum,uur,patientnr,bednr)
VALUES(seq_opname.NEXTVAL,TO_DATE('01-NOV-2016','dd-MON-yyyy'),0725,666120,2104);
INSERT INTO patientopnames(opnamenr,datum,uur,patientnr,bednr)
VALUES(seq_opname.NEXTVAL,TO_DATE('01-NOV-2016','dd-MON-yyyy'),2225,666121,2105);
INSERT INTO patientopnames(opnamenr,datum,uur,patientnr,bednr)
VALUES(seq_opname.NEXTVAL,TO_DATE('01-NOV-2016','dd-MON-yyyy'),0725,421221,5002);
INSERT INTO patientopnames(opnamenr,datum,uur,patientnr,bednr)
VALUES(seq_opname.NEXTVAL,TO_DATE('01-NOV-2016','dd-MON-yyyy'),0725,421222,5004);
INSERT INTO patientopnames(opnamenr,datum,uur,patientnr,bednr)
VALUES(seq_opname.NEXTVAL,TO_DATE('01-NOV-2016','dd-MON-yyyy'),0725,421223,5005);
INSERT INTO patientopnames(opnamenr,datum,uur,patientnr,bednr)
VALUES(seq_opname.NEXTVAL,TO_DATE('01-NOV-2016','dd-MON-yyyy'),0725,421224,5008);
INSERT INTO patientopnames(opnamenr,datum,uur,patientnr,bednr)
VALUES(seq_opname.NEXTVAL,TO_DATE('01-NOV-2016','dd-MON-yyyy'),0725,421225,5009);
INSERT INTO patientopnames(opnamenr,datum,uur,patientnr,bednr)
VALUES(seq_opname.NEXTVAL,TO_DATE('01-NOV-2016','dd-MON-yyyy'),1005,421226,5011);
INSERT INTO patientopnames(opnamenr,datum,uur,patientnr,bednr)
VALUES(seq_opname.NEXTVAL,TO_DATE('01-NOV-2016','dd-MON-yyyy'),0022,421227,5013);
INSERT INTO patientopnames(opnamenr,datum,uur,patientnr,bednr)
VALUES(seq_opname.NEXTVAL,TO_DATE('01-NOV-2016','dd-MON-yyyy'),0022,421228,null);
INSERT INTO patientopnames(opnamenr,datum,uur,patientnr,bednr)
VALUES(seq_opname.NEXTVAL,TO_DATE('01-NOV-2016','dd-MON-yyyy'),1600,421229,100);
INSERT INTO patientopnames(opnamenr,datum,uur,patientnr,bednr)
VALUES(seq_opname.NEXTVAL,TO_DATE('01-NOV-2016','dd-MON-yyyy'),1700,181230,5006);
INSERT INTO patientopnames(opnamenr,datum,uur,patientnr,bednr)
VALUES(seq_opname.NEXTVAL,TO_DATE('01-NOV-2016','dd-MON-yyyy'),0930,191449,null);
COMMIT;
REM Vullen van de tabel patientenfiches - 174 rijen 
INSERT INTO patientfiches VALUES (1, TO_DATE('01-NOV-2016','dd-MON-yyyy') ,1715, 'Patiënt opgenomen via Chirurgie om 1715 uur' );
INSERT INTO patientfiches VALUES (1, TO_DATE('01-NOV-2016','dd-MON-yyyy') ,1800, 'Verband op buik droog en intact na leveroperatie.  Galblaasdrain met normale hoeveelheid (50 cc) donkergroene vloeistof tijdens deze dienst.' );
INSERT INTO patientfiches VALUES (2, TO_DATE('01-NOV-2016','dd-MON-yyyy') ,0810, 'Patiënt opgenomen via Chirurgie om 0810 uur');
INSERT INTO patientfiches VALUES (2, TO_DATE('01-NOV-2016','dd-MON-yyyy') ,1100, 'Patiënt leek cyanotisch met circumorale cyanose (respiratoir).' );
INSERT INTO patientfiches VALUES (2, TO_DATE('01-NOV-2016','dd-MON-yyyy') ,1700, 'Ademhaling 24 met moeite.  O2 toegediend met 3 liter per minuut.' );
COMMIT;
INSERT INTO patientfiches VALUES (3, TO_DATE('01-NOV-2016','dd-MON-yyyy') ,2145, 'Patiënt opgenomen via EH om 2145 uur' );
INSERT INTO patientfiches VALUES (3, TO_DATE('01-NOV-2016','dd-MON-yyyy') ,2210, 'Patiënt klaagde over buikpijn x2.  Buikholte gecontroleerd met positieve geluiden in alle vier de kwadranten.' );
INSERT INTO patientfiches VALUES (4, TO_DATE('01-NOV-2016','dd-MON-yyyy') ,2215, 'Patiënt opgenomen via EH om 2200 uur' );
INSERT INTO patientfiches VALUES (4, TO_DATE('01-NOV-2016','dd-MON-yyyy') ,2300, 'Verband om linkerteen verschoond x1 (diabeet).' );
INSERT INTO patientfiches VALUES (4, TO_DATE('01-NOV-2016','dd-MON-yyyy') ,2345, 'Sereus-bloederig exsudaat op oud verband.  Geen etterige afscheiding aanwezig.' );
COMMIT;  
INSERT INTO patientfiches VALUES (5, TO_DATE('01-NOV-2016','dd-MON-yyyy') ,0730, 'Patiënt opgenomen via Administratie om 0730 uur');
INSERT INTO patientfiches VALUES (5, TO_DATE('01-NOV-2016','dd-MON-yyyy') ,0950, 'Tractie voor linkerbeen van patiënt is intact.  Goede kleur, gevoel en beweging van tenen die warm en roze zijn.' );
INSERT INTO patientfiches VALUES (5, TO_DATE('01-NOV-2016','dd-MON-yyyy') ,1300, 'Patiënt klaagde over pijn in linkerdij.  3x 75 mg Demerol en 25 mg Fenegran voorgeschreven met goed effect op de pijn.' );
INSERT INTO patientfiches VALUES (5, TO_DATE('01-NOV-2016','dd-MON-yyyy') ,1330, 'Patiënt klaagde over pijn in linkerdij.  5x 75 mg Demerol en 25 mg Fenegran voorgeschreven met goed effect op de pijn.' );
INSERT INTO patientfiches VALUES (6, TO_DATE('01-NOV-2016','dd-MON-yyyy') ,1456, 'Patiënt opgenomen via Chirurgie om 1456 uur' );
COMMIT;
INSERT INTO patientfiches VALUES (6, TO_DATE('01-NOV-2016','dd-MON-yyyy') ,1501, 'Patiënt klaagde over scherpe stekende pijn in rechter elleboog. Gipsverband intact.' );
INSERT INTO patientfiches VALUES (6, TO_DATE('01-NOV-2016','dd-MON-yyyy') ,1602, '10 mg Morfine x2 voor elke klacht voorgeschreven.' );
INSERT INTO patientfiches VALUES (6, TO_DATE('01-NOV-2016','dd-MON-yyyy') ,1700, 'Patiënt klaagde over doof gevoel in rechter elleboog. Gipsverband intact.' );
INSERT INTO patientfiches VALUES (6, TO_DATE('01-NOV-2016','dd-MON-yyyy') ,1902, '10 mg Morfine x2 voor elke klacht voorgeschreven.');
INSERT INTO patientfiches VALUES (7, TO_DATE('01-NOV-2016','dd-MON-yyyy') ,0245, 'Patiënt opgenomen via EH om 0245 uur');
COMMIT;
INSERT INTO patientfiches VALUES (7, TO_DATE('01-NOV-2016','dd-MON-yyyy') ,0300, 'Linker dijbeen vertoond samengestelde breuk juist onder de knie. Operatie gepland voor middag.' );
INSERT INTO patientfiches VALUES (7, TO_DATE('01-NOV-2016','dd-MON-yyyy') ,1100, '10 mg morfine, eenmaal per uur, voorgeschreven tegen pijn.' );
INSERT INTO patientfiches VALUES (8, TO_DATE('01-NOV-2016','dd-MON-yyyy') ,1755, 'Patiënt opgenomen via Chirurgie om 1755 uur');
INSERT INTO patientfiches VALUES (8, TO_DATE('01-NOV-2016','dd-MON-yyyy') ,1900, 'Linker heupverband droog en intact.' );  
INSERT INTO patientfiches VALUES (8, TO_DATE('01-NOV-2016','dd-MON-yyyy') ,2235, 'Patiënt klaagde over pijn in heup (dij). 3x 75 mg Demerol en 25 mg Fenegran voorgeschreven met met goed effect op de pijn.' );
COMMIT;
INSERT INTO patientfiches VALUES (9, TO_DATE('01-NOV-2016','dd-MON-yyyy') ,0710, 'Patiënt volgens afspraak opgenomen om 0710 uur. Gereedmaken voor operatie om 1400 uur.' );
INSERT INTO patientfiches VALUES (10, TO_DATE('01-NOV-2016','dd-MON-yyyy') ,0400, 'Patiënt opgenomen via EH om 0400 uur' );
INSERT INTO patientfiches VALUES (10, TO_DATE('01-NOV-2016','dd-MON-yyyy') ,0500, 'Patiënt wordt nog steeds geïsoleerd verpleegd.' );
INSERT INTO patientfiches VALUES (10, TO_DATE('01-NOV-2016','dd-MON-yyyy') ,0700, 'Telling witte bloedlichaampjes blijft laag 2000 (oncologie). Geen pijnklachten, maar patiënt is lethargisch.' );
INSERT INTO patientfiches VALUES (11, TO_DATE('01-NOV-2016','dd-MON-yyyy') ,1645, 'Patiënt opgenomen via EH om 1645 uur' );
COMMIT;
INSERT INTO patientfiches VALUES (11, TO_DATE('01-NOV-2016','dd-MON-yyyy') ,1845, 'Oude verband bevat normale hoeveelheid sereus-bloederig drainvocht.' );
INSERT INTO patientfiches VALUES (11, TO_DATE('01-NOV-2016','dd-MON-yyyy') ,1950, 'Hechtingen van incisie zijn intact. Geen etterige afscheiding aanwezig.');
INSERT INTO patientfiches VALUES (13, TO_DATE('01-NOV-2016','dd-MON-yyyy') ,0400, 'Patiënt opgenomen via EH om 0400 uur');
INSERT INTO patientfiches VALUES (13, TO_DATE('01-NOV-2016','dd-MON-yyyy') ,0600, 'Rechterzijde van patiënt blijft slap. Babinski linkervoet negatief (beroerte).' );
INSERT INTO patientfiches VALUES (13, TO_DATE('01-NOV-2016','dd-MON-yyyy') ,0800, 'Rechterpupil blijft troebel. Geen respons op verbale stimuli.' );
COMMIT;
INSERT INTO patientfiches VALUES (14, TO_DATE('01-NOV-2016','dd-MON-yyyy') ,0400, 'Patiënt opgenomen via EH om 0400 hours');
INSERT INTO patientfiches VALUES (14, TO_DATE('01-NOV-2016','dd-MON-yyyy') ,0605, 'Scheurwond dig. III links tussen eerste en tweede falanx. Wondgebied gereinigd en gehecht met 14 hechtingen.');
INSERT INTO patientfiches VALUES (14, TO_DATE('01-NOV-2016','dd-MON-yyyy') ,0950, 'Patiënt klaagde over pijn in linkerhand. 3x 50 mg Demerol en 25 mg Fenegran voorgeschreven met nauwelijks verlichting van de pijn.' );
INSERT INTO patientfiches VALUES (15, TO_DATE('01-NOV-2016','dd-MON-yyyy') ,0400, 'Patiënt opgenomen via EH om 0400 uur' );
INSERT INTO patientfiches VALUES (15, TO_DATE('01-NOV-2016','dd-MON-yyyy') ,0505, 'Weëen geklokt op interval van 8 minuten. Patiënt getoucheerd, ontsluiting 4cm.' );
COMMIT;
INSERT INTO patientfiches VALUES (15, TO_DATE('01-NOV-2016','dd-MON-yyyy') ,0810, 'Weëen geklokt op interval van 6 minuten. Patiënt getoucheerd, ontsluiting 4 cm.' );
INSERT INTO patientfiches VALUES (15, TO_DATE('01-NOV-2016','dd-MON-yyyy') ,1200, 'Weëen geklokt op interval van 4 minuten. Patiënt getoucheerd, ontsluiting 4 cm.' );
INSERT INTO patientfiches VALUES (16, TO_DATE('01-NOV-2016','dd-MON-yyyy') ,0400, 'Patiënt opgenomen via EH om 0400 uur');
INSERT INTO patientfiches VALUES (16, TO_DATE('01-NOV-2016','dd-MON-yyyy') ,0705, 'Penplaatsen (2x) voor de tractie gereinigd met peroxide. Penplaatsen produceren niet. Halotractie intact.' );
INSERT INTO patientfiches VALUES (16, TO_DATE('01-NOV-2016','dd-MON-yyyy') ,0715, 'Verband om hoofdwond vertoont linksonder kleine wondvochtvlek.');
COMMIT;
INSERT INTO patientfiches VALUES (16, TO_DATE('01-NOV-2016','dd-MON-yyyy') ,0950, 'Patiënt klaagde over pijn in linkerhand. 3 x 75 mg Demerol en 25 mg Fenegran voorgeschreven met nauwelijks verlichting van de pijn.');
INSERT INTO patientfiches VALUES (17, TO_DATE('01-NOV-2016','dd-MON-yyyy') ,0400, 'Patiënt opgenomen via EH om 0400 uur');
INSERT INTO patientfiches VALUES (17, TO_DATE('01-NOV-2016','dd-MON-yyyy') ,0500, 'Patiënt slaapt en is ontspannen.' );
INSERT INTO patientfiches VALUES (17, TO_DATE('01-NOV-2016','dd-MON-yyyy') ,0505, 'Tube links door arts in borst zonder complicaties ingebracht voor steekwond. Aangesloten op Pluravac op de vloer naast bed.' );
INSERT INTO patientfiches VALUES (17, TO_DATE('01-NOV-2016','dd-MON-yyyy') ,0600, 'Pluravac voerde deze dienst 75 cc groenachtige etterige vloeistof af.');
COMMIT;
INSERT INTO patientfiches VALUES (17, TO_DATE('01-NOV-2016','dd-MON-yyyy') ,0700, 'IV-plek in linkerarm rood en opgezwollen. Infuus verwijderd van linkerarm en warme compres aangebracht. Linkerarm omhooggebracht met behulp van kussen.');
INSERT INTO patientfiches VALUES (17, TO_DATE('01-NOV-2016','dd-MON-yyyy') ,0900, '22 g intracath intraveneuze catheter ingebracht in handrug rechts waaruit gemakkelijk bloed kan worden opgetrokken.' );
INSERT INTO patientfiches VALUES (18, TO_DATE('01-NOV-2016','dd-MON-yyyy') ,0400, 'Patiënt opgenomen via EH om 0400 uur' );
INSERT INTO patientfiches VALUES (18, TO_DATE('01-NOV-2016','dd-MON-yyyy') ,0650, 'Patiënt had tijdje snelle hartslag (1x). Hartslag 120 en stijgend.' );
INSERT INTO patientfiches VALUES (18, TO_DATE('01-NOV-2016','dd-MON-yyyy') ,1130, 'Patiënt klaagde over kortademigheid.');
COMMIT;
INSERT INTO patientfiches VALUES (18, TO_DATE('01-NOV-2016','dd-MON-yyyy') ,1345, '10 mg valium IV toegediend met goed resultaat. Hartslag terug naar normaal (84 binnen 10 minuten).' );
INSERT INTO patientfiches VALUES (19, TO_DATE('01-NOV-2016','dd-MON-yyyy') ,0400, 'Patiënt opgenomen via Chirurgie om 0400 uur' );
INSERT INTO patientfiches VALUES (19, TO_DATE('01-NOV-2016','dd-MON-yyyy') ,0425, 'NG-tube zonder weerstand aangebracht in linker neusgat. Aan laag muurvacuüm aangesloten. 125 cc heldere groene vloeistof in deze dienst afgevoerd.' );
INSERT INTO patientfiches VALUES (20, TO_DATE('01-NOV-2016','dd-MON-yyyy') ,1125, 'Patiënt opgenomen via EH om 1125 uur');
INSERT INTO patientfiches VALUES (20, TO_DATE('01-NOV-2016','dd-MON-yyyy') ,1235, 'Vleeswond 30 cm met uitstekende botfragmenten. Chirurg van dienst gebeld-onmiddellijk gereed gemaakt voor operatie. Vitale signalen stabiel.');
COMMIT;
INSERT INTO patientfiches VALUES (20, TO_DATE('01-NOV-2016','dd-MON-yyyy') ,1245, 'Patiënt klaagde over pijn in linker opperarmbeen. 3 x 75 mg Demerol en 25 mg Fenegran voorgeschreven met nauwelijks verlichting van de pijn.' );
INSERT INTO patientfiches VALUES (21, TO_DATE('01-NOV-2016','dd-MON-yyyy') ,0650, 'Patiënt opgenomen via EH om 0650 uur');
INSERT INTO patientfiches VALUES (21, TO_DATE('01-NOV-2016','dd-MON-yyyy') ,0900, 'Patiënt heeft enkel verstuikt-Röntgenfoto voor mogelijke fractuur.' );
INSERT INTO patientfiches VALUES (22, TO_DATE('01-NOV-2016','dd-MON-yyyy') ,0115, 'Patiënt opgenomen via Chirurgie om 0115 uur');
INSERT INTO patientfiches VALUES (22, TO_DATE('01-NOV-2016','dd-MON-yyyy') ,0345, 'Pupillen even groot en bilateraal reactief op licht. Georiënteerd in tijd. plaats en persoon 3x.' );
COMMIT;
INSERT INTO patientfiches VALUES (22, TO_DATE('01-NOV-2016','dd-MON-yyyy') ,0550, 'Hoofdwond onder beharing, gehecht met 12 hechtingen.');
INSERT INTO patientfiches VALUES (22, TO_DATE('01-NOV-2016','dd-MON-yyyy') ,0600, 'MRI om schedelbasisfractuur uit te kunnen sluiten.' );
INSERT INTO patientfiches VALUES (23, TO_DATE('01-NOV-2016','dd-MON-yyyy') ,0100, 'Patiënt opgenomen via EH om 0100 uur' );
INSERT INTO patientfiches VALUES (23, TO_DATE('01-NOV-2016','dd-MON-yyyy') ,0300, 'Patiënt heeft vanochtend een voedingssonde ingebracht gekregen. Verband rondom tube droog en intact. Plaatsingsverificatieonderzoek via Radiologie.' );
INSERT INTO patientfiches VALUES (24, TO_DATE('01-NOV-2016','dd-MON-yyyy') ,1440, 'Patiënt opgenomen via EH om 1440 uur');
COMMIT;
INSERT INTO patientfiches VALUES (24, TO_DATE('01-NOV-2016','dd-MON-yyyy') ,1550, 'Ademhaling verminderd hoorbaar in kwab linksonder. Ademhaling 24 en oppervlakkig.');
INSERT INTO patientfiches VALUES (24, TO_DATE('01-NOV-2016','dd-MON-yyyy') ,1700, 'Patiënt blijft aan IV Aminophylline drip met 250mg/uur.' );
INSERT INTO patientfiches VALUES (24, TO_DATE('01-NOV-2016','dd-MON-yyyy') ,1900, 'Tube links door arts in borst zonder complicaties ingebracht. Aangesloten op Pluravac op de vloer naast bed.' );
INSERT INTO patientfiches VALUES (24, TO_DATE('01-NOV-2016','dd-MON-yyyy') ,2130, 'Pluravac voerde deze dienst 75 cc groenachtige etterige vloeistof af.' );
INSERT INTO patientfiches VALUES (25, TO_DATE('01-NOV-2016','dd-MON-yyyy') ,0145, 'Patient opgenomen op EH om 0145 uur');
COMMIT;
INSERT INTO patientfiches VALUES (25, TO_DATE('01-NOV-2016','dd-MON-yyyy') ,0215, 'Patiënt klaagt over kortademigheid. Ademhaling 28 en moeizaam. O2 opgevoerd van van 2 l/min naar 4 l/min. Arts gewaarschuwd.' );
INSERT INTO patientfiches VALUES (25, TO_DATE('01-NOV-2016','dd-MON-yyyy') ,0225, '2.5 mg valium IV toegediend om 0215 uur.' );
INSERT INTO patientfiches VALUES (26, TO_DATE('01-NOV-2016','dd-MON-yyyy') ,0815, 'Patient opgenomen op EH om 0815 uur' );
INSERT INTO patientfiches VALUES (26, TO_DATE('01-NOV-2016','dd-MON-yyyy') ,0900, 'Patiënt licht gedesoriënteerd. Huid klam. Acucheck resultaat 42 (diabeet).');
INSERT INTO patientfiches VALUES (26, TO_DATE('01-NOV-2016','dd-MON-yyyy') ,0915, '15 eenheden insuline met suiker en sinaasappelsap toegediend.');
COMMIT;
INSERT INTO patientfiches VALUES (26, TO_DATE('01-NOV-2016','dd-MON-yyyy') ,0930, 'Patiënt nogmaals gecontroleerd na 30 minuten. Huid droog. Acucheck resultaat 102.' );
INSERT INTO patientfiches VALUES (27, TO_DATE('01-NOV-2016','dd-MON-yyyy') ,0930, 'Patient opgenomen op EH om 0930 uur' );
INSERT INTO patientfiches VALUES (27, TO_DATE('01-NOV-2016','dd-MON-yyyy') ,1000, 'EKG heeft verhoogde ST-golven. Patiënt krijgt Procardia en wordt 3 dagen na ECG bewaakt.' );
INSERT INTO patientfiches VALUES (28, TO_DATE('01-NOV-2016','dd-MON-yyyy') ,1123, 'Patient opgenomen op EH om 1123 uur' );
INSERT INTO patientfiches VALUES (28, TO_DATE('01-NOV-2016','dd-MON-yyyy') ,1135, 'Patiënt klaagt over kortademigheid. Ademhaling 28 en moeizaam.' );
COMMIT;
INSERT INTO patientfiches VALUES (28, TO_DATE('01-NOV-2016','dd-MON-yyyy') ,1137, 'O2 opgevoerd van 2 l/min naar 4 l/min. Arts gewaarschuwd.' );
INSERT INTO patientfiches VALUES (28, TO_DATE('01-NOV-2016','dd-MON-yyyy') ,1140, 'Patiënt had tijdje snelle hartslag. Hartslag 120 en stijgend.' );
INSERT INTO patientfiches VALUES (28, TO_DATE('01-NOV-2016','dd-MON-yyyy') ,1145, 'Patiënt klaagde over kortademigheid.' );
INSERT INTO patientfiches VALUES (28, TO_DATE('01-NOV-2016','dd-MON-yyyy') ,1200, '10 mg valium IV toegediend met goed resultaat. Hartslag terug naar 84 binnen 10 minuten.' );
INSERT INTO patientfiches VALUES (29, TO_DATE('01-NOV-2016','dd-MON-yyyy') ,1540, 'Patient opgenomen op EH om 1540 uur' );
COMMIT;
INSERT INTO patientfiches VALUES (29, TO_DATE('01-NOV-2016','dd-MON-yyyy') ,1600, 'Patiënt klaagde over pijn in rechterarm. 3 x 50 mg Demerol en 25 mg Fenegran voorgeschreven met matige verlichting van de pijn.' );
INSERT INTO patientfiches VALUES (29, TO_DATE('01-NOV-2016','dd-MON-yyyy') ,1610, 'Vreemd object (splinter) onder vierde digit. Gebied geïnjecteerd met Lidocaine en splinter verwijderd. Wond ontsmet met betadine en verbonden.' );
INSERT INTO patientfiches VALUES (30, TO_DATE('01-NOV-2016','dd-MON-yyyy') ,0530, 'Patiënt opgenomen op EH om 0530 uur');
INSERT INTO patientfiches VALUES (30, TO_DATE('01-NOV-2016','dd-MON-yyyy') ,0550, 'Patiënt klaagde over pijn in linkerhand. 3 x 50 mg Demerol en 25 mg Fenegran voorgeschreven met nauwelijks verlichting van de pijn.');
INSERT INTO patientfiches VALUES (31, TO_DATE('01-NOV-2016','dd-MON-yyyy') ,0730, 'Patiënt opgenomen via EH om 0730 uur');
COMMIT;
INSERT INTO patientfiches VALUES (31, TO_DATE('01-NOV-2016','dd-MON-yyyy') ,0740, 'Builverband droog en intact na leveroperatie. Galdrain met normale hoeveelheid donkergroene afscheiding.');
INSERT INTO patientfiches VALUES (32, TO_DATE('01-NOV-2016','dd-MON-yyyy') ,0830, 'Patiënt opgenomen via EH om 0830 uur' );
INSERT INTO patientfiches VALUES (32, TO_DATE('01-NOV-2016','dd-MON-yyyy') ,0850, 'Verband en kapje linkeroog droog en intact. Geen pijnklachten.' );
INSERT INTO patientfiches VALUES (33, TO_DATE('01-NOV-2016','dd-MON-yyyy') ,0920, 'Patiënt opgenomen via EH om 0920 uur' );
INSERT INTO patientfiches VALUES (33, TO_DATE('01-NOV-2016','dd-MON-yyyy') ,0935, 'Tractie van linkerbeen intact. Kleur, gevoel en bewegingen van tenen (warm en rose) goed.' );
COMMIT;
INSERT INTO patientfiches VALUES (34, TO_DATE('01-NOV-2016','dd-MON-yyyy') ,1200, 'Patiënt opgenomen via EH om 1200 uur' );
INSERT INTO patientfiches VALUES (34, TO_DATE('01-NOV-2016','dd-MON-yyyy') ,1300, 'Tube links in borst produceert (3x).');
INSERT INTO patientfiches VALUES (34, TO_DATE('01-NOV-2016','dd-MON-yyyy') ,1450, 'Patiënt opgenomen via EH om 1445 uur' );
INSERT INTO patientfiches VALUES (35, TO_DATE('01-NOV-2016','dd-MON-yyyy') ,1600, 'Foleycatheter voert goed af.' );
INSERT INTO patientfiches VALUES (36, TO_DATE('01-NOV-2016','dd-MON-yyyy') ,0530, 'Patiënt opgenomen via EH om 0530 uur');
COMMIT;
INSERT INTO patientfiches VALUES (36, TO_DATE('01-NOV-2016','dd-MON-yyyy') ,0700, 'NG-tube voerde 300 cc heldergroene vloeistof af. Ingewanden lijken absent.' );
INSERT INTO patientfiches VALUES (37, TO_DATE('01-NOV-2016','dd-MON-yyyy') ,1530, 'Patiënt opgenomen via EH om 1530 uur' );
INSERT INTO patientfiches VALUES (37, TO_DATE('01-NOV-2016','dd-MON-yyyy') ,1550, 'Transfusie met 4 eenheden verpakte cellen en 10 eenheden van plaatjes. Geen reactie. Verdroeg procedure goed.');
INSERT INTO patientfiches VALUES (38, TO_DATE('01-NOV-2016','dd-MON-yyyy') ,1235, 'Patiënt opgenomen via EH om 1235 uur');
INSERT INTO patientfiches VALUES (38, TO_DATE('01-NOV-2016','dd-MON-yyyy') ,1300, 'Patiënt klaagt nog steeds over zere mond. Mondspoeling met 1,5% waterstofperoxide voorgeschreven.' );
COMMIT;
INSERT INTO patientfiches VALUES (38, TO_DATE('01-NOV-2016','dd-MON-yyyy') ,1345, 'Visceuze Xylocainegel aangebracht op mondslijmvlies om ongemak enigszins te verlichten.' );
INSERT INTO patientfiches VALUES (38, TO_DATE('01-NOV-2016','dd-MON-yyyy') ,1545, 'Familie en arts hadden vandaag overleg over stamceltransplantatie van volgende week. Patiënt blijft geisoleerd vanwege lage hoeveelheid witte bloedlichamen (vandaag 3500).' );
INSERT INTO patientfiches VALUES (39, TO_DATE('01-NOV-2016','dd-MON-yyyy') ,0725, 'Patiënt opgenomen via Poli om 0725 uur' );
INSERT INTO patientfiches VALUES (39, TO_DATE('01-NOV-2016','dd-MON-yyyy') ,0800, 'Hypervoeding en lipiden nog steeds via infuus onder sleutelbeen met 125 cc/uur' );
INSERT INTO patientfiches VALUES (39, TO_DATE('01-NOV-2016','dd-MON-yyyy') ,0900, 'Geen roodheid of zwelling op insertieplek tijdens verschonen van verband. Nieuw verband op operatiewond aangebracht zonder complicaties.' );
COMMIT;
INSERT INTO patientfiches VALUES (40, TO_DATE('01-NOV-2016','dd-MON-yyyy') ,1005, 'Patiënt opgenomen via Chirurgie om 1005 uur' );
INSERT INTO patientfiches VALUES (40, TO_DATE('01-NOV-2016','dd-MON-yyyy') ,1400, 'Patiënt blijft last houden van overgeven en buikloop. IV gestart-22g angiocath in linker handrug met D5NS met 200 cc/uur.' );
INSERT INTO patientfiches VALUES (40, TO_DATE('01-NOV-2016','dd-MON-yyyy') ,1700, 'Patiënt probeerde over railing van bed te klimmen. Is gedesoriënteerd in tijd en plaats. Poseyvest aangetrokken en railing van bed omhooggebracht.' );
INSERT INTO patientfiches VALUES (40, TO_DATE('01-NOV-2016','dd-MON-yyyy') ,1800, 'Patiënt 3 x ambulant in gang deze dienst. Zegt vandaag meer kracht te hebben dan anders na operatie 3 dagen geleden.' );
INSERT INTO patientfiches VALUES (41, TO_DATE('01-NOV-2016','dd-MON-yyyy') ,1450, 'Patiënt opgenomen via EH om 1450 uur');
COMMIT;
INSERT INTO patientfiches VALUES (41, TO_DATE('01-NOV-2016','dd-MON-yyyy') ,1745, 'Patiënt blijft last houden van overgeven en buikloop. IV gestart-22g angiocath in linker handrug met D5NS met 90 cc/uur.');
INSERT INTO patientfiches VALUES (41, TO_DATE('01-NOV-2016','dd-MON-yyyy') ,1900, 'Patiënt had een neusbloeding die 10 minuten aanhield. Gestopt door lichte druk en achteroverliggen. Plaatjestelling vanochtend is 150.000.' );
INSERT INTO patientfiches VALUES (42, TO_DATE('01-NOV-2016','dd-MON-yyyy') ,1500, 'Patiënt opgenomen via EH om 1500 uur' );
INSERT INTO patientfiches VALUES (42, TO_DATE('01-NOV-2016','dd-MON-yyyy') ,1745, 'Patiënt klaagt over slechtzittend kunstgebit vanwege gewichtsverlies als gevolg van kanker en chemotherapie. Heeft ook last van ontsteking van het mondslijmvlies; daarvoor viscueze lidocaine mondspoeling toegediend.' );
INSERT INTO patientfiches VALUES (42, TO_DATE('01-NOV-2016','dd-MON-yyyy') ,2045, 'Dieet van patiënt omgezet van standaard naar zacht voedsel. Verdroeg avondmaaltijd met zachte voeding goed.' );
COMMIT;
INSERT INTO patientfiches VALUES (43, TO_DATE('01-NOV-2016','dd-MON-yyyy') ,0725, 'Patiënt opgenomen via Poli om 0725 uur' );
INSERT INTO patientfiches VALUES (43, TO_DATE('01-NOV-2016','dd-MON-yyyy') ,0850, 'Patiënt verdroeg IV-behandeling met Oncovin goed. (Leukemie) Witte bloedlichamen voor behandeling 9800.');
INSERT INTO patientfiches VALUES (43, TO_DATE('01-NOV-2016','dd-MON-yyyy') ,1100, 'Geen klachten over misselijkheid, maar wel last van koude rillingen tijdens behandeling (die ophielden binnen 30 minuten na aanvang van de behandeling.' );
INSERT INTO patientfiches VALUES (44, TO_DATE('01-NOV-2016','dd-MON-yyyy') ,0725, 'Patiënt opgenomen via Poli om 0725 uur');
INSERT INTO patientfiches VALUES (44, TO_DATE('01-NOV-2016','dd-MON-yyyy') ,1100, 'Hypervoeding en lipiden nog steeds via infuus onder sleutelbeen met 125 cc/uur' );
COMMIT;
INSERT INTO patientfiches VALUES (44, TO_DATE('01-NOV-2016','dd-MON-yyyy') ,1400, 'Geen roodheid of zwelling op insertieplek tijdens verschonen van verband. Nieuw verband op operatiewond aangebracht zonder complicaties.' );
INSERT INTO patientfiches VALUES (44, TO_DATE('01-NOV-2016','dd-MON-yyyy') ,0745, 'Patiënt opgenomen via EH om 0725 uur' );
INSERT INTO patientfiches VALUES (44, TO_DATE('01-NOV-2016','dd-MON-yyyy') ,1135, 'Hypervoeding en lipiden nog steeds via infuus onder sleutelbeen met 125 cc/uur' );
INSERT INTO patientfiches VALUES (44, TO_DATE('01-NOV-2016','dd-MON-yyyy') ,1555, 'Geen roodheid of zwelling op insertieplek tijdens verschonen van verband. Nieuw verband op operatiewond aangebracht zonder complicaties.' );
INSERT INTO patientfiches VALUES (46, TO_DATE('01-NOV-2016','dd-MON-yyyy') ,0725, 'Patiënt opgenomen via EH om 0725 hours');
COMMIT;
INSERT INTO patientfiches VALUES (46, TO_DATE('01-NOV-2016','dd-MON-yyyy') ,0900, 'IV-plek in linker handrug rood en opgezwollen. Infuus verwijderd uit linkerarm en warme compres aangebracht.  Linkerarm omhooggebracht met behulp van kussen.' );
INSERT INTO patientfiches VALUES (46, TO_DATE('01-NOV-2016','dd-MON-yyyy') ,1000, '22g intracath intraveneuze catheter ingebracht in handrug rechts waaruit gemakkelijk bloed kan worden opgetrokken.' );
INSERT INTO patientfiches VALUES (46, TO_DATE('01-NOV-2016','dd-MON-yyyy') ,1600, 'NG-tube ingebracht in linker neusgat zonder weerstand. Aan laag muurvacuüm aangesloten. 125 cc heldere groene vloeistof in deze dienst afgevoerd.'  );
INSERT INTO patientfiches VALUES (47, TO_DATE('01-NOV-2016','dd-MON-yyyy') ,0725, 'Patiënt opgenomen via EH om 0725 uur' );
INSERT INTO patientfiches VALUES (47, TO_DATE('01-NOV-2016','dd-MON-yyyy') ,1030, 'Huidzwelling onrustig. Lippen droog en gebarsten. Huid en ogen gelig.' );
COMMIT;
INSERT INTO patientfiches VALUES (47, TO_DATE('01-NOV-2016','dd-MON-yyyy') ,1745, 'Foleycatheter voert bruine urine af - 30 cc in afgelopen acht uur. Patiënt lethargisch, reageert alleen op naam.' );
INSERT INTO patientfiches VALUES (47, TO_DATE('01-NOV-2016','dd-MON-yyyy') ,2025, 'Patiënt gestorven om 2018 uur in aanwezigheid van de familie.  Lichaam overgebracht naar mortuarium om 2230 uur.' );
INSERT INTO patientfiches VALUES (48, TO_DATE('01-NOV-2016','dd-MON-yyyy') ,0725, 'Patiënt opgenomen via EH om 0725 uur');
INSERT INTO patientfiches VALUES (48, TO_DATE('01-NOV-2016','dd-MON-yyyy') ,0740, 'Patiënt had even versnelde hartslag x1  Hartslag 120 en versnellend.' );
INSERT INTO patientfiches VALUES (48, TO_DATE('01-NOV-2016','dd-MON-yyyy') ,0750, 'Patiënt klaagde over kortademigheid.' );
COMMIT;
INSERT INTO patientfiches VALUES (48, TO_DATE('01-NOV-2016','dd-MON-yyyy') ,1245, '10 mg valium IV toegediend met goede resultaten.  Hartslag gedaald tot 84 binnen 10 minuten.' );
INSERT INTO patientfiches VALUES (49, TO_DATE('01-NOV-2016','dd-MON-yyyy') ,2225, 'Patiënt opgenomen via Chirurgie om 2225 uur' );
INSERT INTO patientfiches VALUES (49, TO_DATE('01-NOV-2016','dd-MON-yyyy') ,2330, 'Buikverband verschoond. Oude verband bevat normale hoeveelheid sereus-bloederig drainvocht.');
INSERT INTO patientfiches VALUES (49, TO_DATE('01-NOV-2016','dd-MON-yyyy') ,2345, 'Hechtingen van incisie zijn intact. Geen etterige afscheiding aanwezig.' );
INSERT INTO patientfiches VALUES (49, TO_DATE('01-NOV-2016','dd-MON-yyyy') ,2355, 'Patiënt klaagde over buikpijn.  3 x 75 mg Demerol en 25 mg Fenegran voorgeschreven met redelijk effect op de pijn.' ); 
COMMIT;
INSERT INTO patientfiches VALUES (50, TO_DATE('01-NOV-2016','dd-MON-yyyy') ,0725, 'Patiënt opgenomen via EH om 0725 uur');
INSERT INTO patientfiches VALUES (50, TO_DATE('01-NOV-2016','dd-MON-yyyy') ,1000, 'Ruggenmergpunctie door arts uitgevoerd. Afgenomen spinaalvloeistof bleek helder en kleurloos. Naar lab vooronderzoek. Patiënt verdraagt behandeling goed.' );
INSERT INTO patientfiches VALUES (51, TO_DATE('01-NOV-2016','dd-MON-yyyy') ,0725, 'Patiënt opgenomen via Poli om 0725 uur' );
INSERT INTO patientfiches VALUES (51, TO_DATE('01-NOV-2016','dd-MON-yyyy') ,0955, 'Rechterarm blijft in gipsverband. Rechtervingers warm, paars en droog maar goed beweegbaarheid van alle digits.');
INSERT INTO patientfiches VALUES (51, TO_DATE('01-NOV-2016','dd-MON-yyyy') ,1050, 'Patiënt klaagde over pijn in arm.  10 mg Demerol en 10 mg Fenegran voorgeschreven met goed effect op de pijn.' );
COMMIT;
INSERT INTO patientfiches VALUES (52, TO_DATE('01-NOV-2016','dd-MON-yyyy') ,0725, 'Patiënt opgenomen via Poli om 0725 uur');
INSERT INTO patientfiches VALUES (52, TO_DATE('01-NOV-2016','dd-MON-yyyy') ,0755, 'Factor VIII-infuus in rechterarm zonder complicaties. Geen tekenen van bloeding of andere afwijkingen zichtbaar.' );
INSERT INTO patientfiches VALUES (52, TO_DATE('01-NOV-2016','dd-MON-yyyy') ,0835, 'Patiënt deze dienst 3 maal ambulant over gang.');
INSERT INTO patientfiches VALUES (53, TO_DATE('01-NOV-2016','dd-MON-yyyy') ,0725, 'Patiënt opgenomen via EH om 0725 uur' );
INSERT INTO patientfiches VALUES (53, TO_DATE('01-NOV-2016','dd-MON-yyyy') ,0805, 'Huidzwelling rustig, slijmvliesmembramen vochtig, huilt. 3x luier verschoond, gemeten 75 cc, 55 cc en 60 cc.');
COMMIT;
INSERT INTO patientfiches VALUES (54, TO_DATE('01-NOV-2016','dd-MON-yyyy') ,0725, 'Patiënt opgenomen via EH om 0725 uur');
INSERT INTO patientfiches VALUES (54, TO_DATE('01-NOV-2016','dd-MON-yyyy') ,0805, 'Patiënt heeft deze dienst totaal 80 cc Pedilyte gekregen. Goede zuigreflex, maar blijft lethargisch en zachtjes huilen.' );
INSERT INTO patientfiches VALUES (54, TO_DATE('01-NOV-2016','dd-MON-yyyy') ,0900, 'angiocath intraveneus catheter nr. 26 ingebracht in scalpvene zonder complicaties. IV-infuus: D5NS met 25 cc/uur.' );
INSERT INTO patientfiches VALUES (55, TO_DATE('01-NOV-2016','dd-MON-yyyy') ,1005, 'Patiënt opgenomen via Poli om 1005 uur');
INSERT INTO patientfiches VALUES (55, TO_DATE('01-NOV-2016','dd-MON-yyyy') ,1115, 'Inspiratoire en expiratoire ruis nog steeds hoorbaar. Reutels opgemerkt in linker long. Saturatie laag maar zonder assistentie op 28.' );
COMMIT;
INSERT INTO patientfiches VALUES (55, TO_DATE('01-NOV-2016','dd-MON-yyyy') ,1430, 'Temperatuur deze middag maximaal 38.6°C. Elke 4 uur vloeibaar Tylenol toegediend.');
INSERT INTO patientfiches VALUES (55, TO_DATE('01-NOV-2016','dd-MON-yyyy') ,1605, 'IV-infuur in linkerarm gehandhaafd (D5NS met 125 cc/uur.' );
INSERT INTO patientfiches VALUES (56, TO_DATE('01-NOV-2016','dd-MON-yyyy') ,0022, 'Patiënt opgenomen via Poli om 0022 uur');
INSERT INTO patientfiches VALUES (56, TO_DATE('01-NOV-2016','dd-MON-yyyy') ,0030, '2x Heparine in rechterhand zonder complicaties. Bloed kan gemakkelijk worden opgetrokken. Geen zwelling of roodheid.' );
INSERT INTO patientfiches VALUES (56, TO_DATE('01-NOV-2016','dd-MON-yyyy') ,0045, 'Patiënt had slechte nacht als gevolg van het feit haar rechter arm gefixeerd was om infuusplek te beschermen.' );
COMMIT;
INSERT INTO patientfiches VALUES (56, TO_DATE('01-NOV-2016','dd-MON-yyyy') ,0930, 'Patiënt klaagt over maagkrampen en diarree 3x.  Licht vloeibaar dieet werd goed verdragen. maar patiënt geeft te kennen trek te hebben in meer vast voedsel.' );
INSERT INTO patientfiches VALUES (57, TO_DATE('01-NOV-2016','dd-MON-yyyy') ,0022, 'Patiënt opgenomen via EH om 0022 uur');
INSERT INTO patientfiches VALUES (57, TO_DATE('01-NOV-2016','dd-MON-yyyy') ,0800, 'Rechterarm blijft in gipsverband. Rechtervingers warm, paars en droog maar goed beweegbaarheid van alle digits.' );
INSERT INTO patientfiches VALUES (57, TO_DATE('01-NOV-2016','dd-MON-yyyy') ,0830, 'Patiënt ontslagen om 0815 uur' );
COMMIT;
REM Vullen van de tabel afdelingen - 18 rijen 
INSERT INTO afdelingen VALUES ('HEEL1', 'Heelkunde 1', 'ZW1020', '1005559201');
INSERT INTO afdelingen VALUES ('HEEL2', 'Heelkunde 2', 'NW1018', '1005559202');
INSERT INTO afdelingen VALUES ('RADI1', 'Radiologie', 'RA0070', '1005559203');
INSERT INTO afdelingen VALUES ('EH1', 'Eerste Hulp', 'RA0070', '1005559204');
INSERT INTO afdelingen VALUES ('CHI1', 'Chirurgie', 'CHI010', '1005559205');
COMMIT;
INSERT INTO afdelingen VALUES ('ONCOL', 'Oncologie', 'ZW3010', '1005559206');
INSERT INTO afdelingen VALUES ('IC', 'Intensive Care', 'NW3005', '1005559207');
INSERT INTO afdelingen VALUES ('PEDI1', 'Pediatrie', 'ZW2010', '1005559208');
INSERT INTO afdelingen VALUES ('GYN1', 'Gynaecologie', 'ZW2655', '1005559216');
INSERT INTO afdelingen VALUES ('APO', 'Apotheek', 'NW0085', '1005559207');
COMMIT;
INSERT INTO afdelingen VALUES ('LAB1', 'Laboratorium 1', 'NW0090', '1005559208');
INSERT INTO afdelingen VALUES ('LAB2', 'Laboratorium 2', 'NW0093', '1005559209');
INSERT INTO afdelingen VALUES ('CARD1', 'Cardiologie', 'ZW1288', '1005559210');

INSERT INTO afdelingen VALUES ('UITS1', 'Uitschrijvingen', 'ZW1400', '1005559211');
INSERT INTO afdelingen VALUES ('ADMIN', 'Administratie', 'ZW1500', '1005559212');
COMMIT;
INSERT INTO afdelingen VALUES ('INTK', 'Intake', 'ZW15010', '1005559213');
INSERT INTO afdelingen VALUES ('CHIVK', 'Chirurgie, verkoever', 'VK0005', '1005559214');
INSERT INTO afdelingen VALUES ('NEON1', 'Neonatologie', 'ZW2700', '1005559215');
COMMIT;
REM Vullen van de tabel personeel - 24 rijen 
INSERT INTO personeel VALUES ('23232', '310223232', 'Evers', 'Max', 'van', 'HEEL1', 'ZW4208', TO_DATE('06-JAN-2008'), 'dr', '1005559268', '0001', '54386', 150000, NULL);
INSERT INTO personeel VALUES ('23244', '316223244', 'Wils', 'Gert', NULL, 'RADI1', 'ZW4392', TO_DATE('16-FEB-2005'), 'dr', '1005559270', '4410', '383815', 175000, NULL);
INSERT INTO personeel VALUES ('10044', '216223308', 'Sterckx', 'Annemie', NULL, 'EH1', 'ZW4393', TO_DATE('16-FEB-2011'), 'dr', '1005559271', '3201', '419057', 165000, NULL);
INSERT INTO personeel VALUES ('23100', '261223803', 'Bulens', 'Bernard', NULL, 'RADI1', 'ZW4392', TO_DATE('23-AUG-2009'), 'dr', '1005559270', '4411', '8398663', 178500, NULL);
INSERT INTO personeel VALUES ('01885', '215243964', 'Berben', 'Danny', NULL, 'HEEL1', 'ZW4209', TO_DATE('11-AUG-1997'), 'dr', '1005559268', '0011', '234576', 162500, NULL);
COMMIT;
INSERT INTO personeel VALUES ('66425', '261803223', 'Quahaegens', 'Antony', NULL, 'CARD1', 'ZW4410', TO_DATE('10-NOV-1999'), 'dr', '1005559280', '0222', '4398777', 225325, NULL);
INSERT INTO personeel VALUES ('66427', '348789991', 'Solignac', 'Bruno', 'van', 'UITS1', 'ZW4408', TO_DATE('14-DEC-1989'), 'dr', '1005559284', '0333', '45982245', 175425, NULL);
INSERT INTO personeel VALUES ('66432', '980789633', 'Kin', 'Frans', NULL, 'ONCOL', 'ZW4422', TO_DATE('01-FEB-1994'), 'dr', '1005559268', '0201', '55662398', 150655, NULL);
INSERT INTO personeel VALUES ('66532', '980789632', 'Bellon', 'Karin', NULL, 'GYN1', 'ZW4800', TO_DATE ('23-FEB-2006'), 'VPK1', '1005559401', '0030', '435576', 68000, NULL);
INSERT INTO personeel VALUES ('67555', '981789642', 'Simons', 'Lars', NULL, 'CHIVK', 'ZW4801', TO_DATE ('03-APR-2008'), 'VPK1', '1005559401', '0031', '763345', 62000, NULL);
COMMIT;
INSERT INTO personeel VALUES ('67585', '445667323', 'Simons', 'Lea', NULL, 'NEON1', 'ZW4802', TO_DATE ('30-APR-2008'), 'VPK2', '1005559401', '0032', '478892', 42000, NULL);
INSERT INTO personeel VALUES ('66444', '980789634', 'Lanoote', 'Magda', 'van', 'ONCOL', 'ZW4804', TO_DATE ('03-JAN-2006'), 'VPK1', '1005559401', '0033', '872589', 69500, NULL);
INSERT INTO personeel VALUES ('33344', '890563287', 'Adamus', 'Anton', NULL, 'ADMIN', 'NW0105', TO_DATE('29-JAN-1995'), 'Administratief medewerker', '1005558287', '1212', NULL, 35500, NULL);
INSERT INTO personeel VALUES ('33355', '890536222', 'Boudewijn', 'Bertine', NULL, 'ADMIN', 'NW0105', TO_DATE ('15-NOV-2011'), 'Administratief medewerker', '1005558287', '1213', NULL, 37520, NULL);
COMMIT;
INSERT INTO personeel VALUES ('33359', '457890233', 'Cleef', 'Leo', 'van', 'ADMIN', 'NW0220', TO_DATE ('05-JAN-2011'), 'Facilitair medewerker', 1005558287, '1213', NULL, NULL, 7.35);
INSERT INTO personeel VALUES ('88101', '347889991', 'Bryssinckx', 'Leo', NULL, 'CHI1', 'ZW4408', TO_DATE ('14-DEC-92'), 'dr', '1005559284', '0355', '2398457', 235450, NULL);
INSERT INTO personeel VALUES ('88202', '232888647', 'Bryssinckx', 'Katrien', NULL, 'CHI1', 'ZW4408', TO_DATE ('14-DEC-92'), 'dr', '1005559284', '0355', '4455872', 230000, NULL);
COMMIT;
INSERT INTO personeel VALUES ('88303', '654339993', 'Jansen', 'Andre', NULL, 'CHI1', 'ZW4408', TO_DATE ('01-JAN-2000'), 'dr', '1005559284', '0355', '8935781', 305250, NULL);
INSERT INTO personeel VALUES ('88404', '787249002', 'Buitaert', 'Leo', 'di', 'CHI1', 'ZW4408', TO_DATE('16-JUL-2011'), 'dr', '1005559284', '0355', '9873346', 275000, NULL);
INSERT INTO personeel VALUES ('88777', '664865650', 'Smit', 'Alex', 'de', 'RADI1', 'ZW4414', TO_DATE ('10-JUN-2009'), 'Radiologisch technicus', '1005559267', '3444', '98993455', 45500, NULL);
COMMIT;
INSERT INTO personeel VALUES ('67666', '732971001', 'Herbots', 'Hilde', NULL, 'NEON1', 'ZW4803', TO_DATE ('26-FEB-2010'), 'VPK2', '1005559401', '0033', '478892', 42000, NULL);
INSERT INTO personeel VALUES ('33356', '790543232', 'Boudreaux', 'Betty', NULL, 'ADMIN', 'NW0106', TO_DATE ('05-NOV-2010'), 'Medewerker Intake', '1005558287', '1214', NULL, 32895, NULL);
INSERT INTO personeel VALUES ('33358', '834576129', 'Thorn', 'Wim', 'van', 'ADMIN', 'NW0220', TO_DATE ('14-APR-2010'), 'Facilitair medewerker', 1005558287, '1213', NULL, NULL, 8.28);
INSERT INTO personeel VALUES ('88505', '548865540', 'Sels', 'Suzan', 'de', 'CHI1', 'ZW4408', TO_DATE ('19-JUN-2010'), 'dr', '1005559284', '0355', '4590225', 325500, NULL);
commit;
REM Vullen van de tabel verrichting_categorie - 9 rijen 
INSERT INTO verrichting_categorieen VALUES ('BU1', 'Bureaudiensten');
INSERT INTO verrichting_categorieen VALUES ('GYN', 'Gynaecologie');
INSERT INTO verrichting_categorieen VALUES ('CHI', 'Chirurgie');
INSERT INTO verrichting_categorieen VALUES ('LA1', 'Laboratorium 1');
INSERT INTO verrichting_categorieen VALUES ('LA2', 'Laboratorium 2');
COMMIT;
INSERT INTO verrichting_categorieen VALUES ('ALG', 'Procedures-algemeen');
INSERT INTO verrichting_categorieen VALUES ('RAD', 'Radiologie');
INSERT INTO verrichting_categorieen VALUES ('INJ', 'Injecties');
INSERT INTO verrichting_categorieen VALUES ('CAR', 'Cardiologie');
COMMIT;

REM Vullen van de tabel verrichtingen - 105 rijen 
INSERT INTO verrichtingen VALUES ('36415', 'Bloedafname', 35.55, 'Kantoor- of bedprocedure', 'LA1');
INSERT INTO verrichtingen VALUES ('82947', 'Bloedsuiker', 20.40, 'Kantoor- of bedprocedure', 'LA1');
INSERT INTO verrichtingen VALUES ('85018', 'Hemoglobine', 25.00, 'Kantoor- of bedprocedure', 'LA1');
INSERT INTO verrichtingen VALUES ('82270', 'Hemocultuur', 15.40, 'Kantoor- of bedprocedure', 'LA1');
INSERT INTO verrichtingen VALUES ('87220', 'KOH', 15.00, 'Kantoor- of bedprocedure', 'LA1');
COMMIT;
INSERT INTO verrichtingen VALUES ('81025', 'Prognose, urine', 12.00, 'Kantoor- of bedprocedure', 'LA1');
INSERT INTO verrichtingen VALUES ('87430', 'Streptokokkentest', 13.50, 'Kantoor- of bedprocedure', 'LA1');
INSERT INTO verrichtingen VALUES ('81002', 'Urine/dip', 10.75, 'Kantoor- of bedprocedure', 'LA1');
INSERT INTO verrichtingen VALUES ('81000', 'Urine/microsc.', 12.90, 'Kantoor- of bedprocedure', 'LA1');
INSERT INTO verrichtingen VALUES ('99000', 'Speciale behandling', 35.75, 'Kantoor- of bedprocedure', 'LA1');
COMMIT;
INSERT INTO verrichtingen VALUES ('87210', 'Uitstrijkje', 15.00, 'Kantoor- of bedprocedure', 'LA1');
INSERT INTO verrichtingen VALUES ('99201', 'Probleem, specifiek', 55.00, 'Kantoordiensten', 'LA1');
INSERT INTO verrichtingen VALUES ('99202', 'Probleem, niet-specifiek', 75.00, 'Kantoordiensten', 'LA1');
INSERT INTO verrichtingen VALUES ('99203', 'Probleem, gedetailleerd', 95.00, 'Kantoordiensten', 'LA1');
INSERT INTO verrichtingen VALUES ('99204', 'Uitgebreid, standaard', 75.00, 'Kantoordiensten', 'LA1');
COMMIT;
INSERT INTO verrichtingen VALUES ('99205', 'Uitgebreid, meer', 95.00, 'Kantoordiensten', 'LA1');
INSERT INTO verrichtingen VALUES ('99050', 'Overuren', 125.00, 'Kantoordiensten', 'LA1');
INSERT INTO verrichtingen VALUES ('99058', 'Spoed', 155.00, 'Kantoordiensten', 'LA1');
INSERT INTO verrichtingen VALUES ('46600', 'Anoscopie', 21.00, 'Kantoor- of bedprocedure', 'ALG');
INSERT INTO verrichtingen VALUES ('92551', 'Gehoortest', 45.00, 'Kantoor- of bedprocedure', 'ALG');
COMMIT;
INSERT INTO verrichtingen VALUES ('69210', 'Cerumen verwijderen', 35.00, 'Kantoor- of bedprocedure', 'ALG');
INSERT INTO verrichtingen VALUES ('G0102', 'DRE', 30.00, 'Kantoor- of bedprocedure', 'ALG');
INSERT INTO verrichtingen VALUES ('93000', 'ECG/Interpreteren', 85.00, 'Kantoor- of bedprocedure', 'CAR');
INSERT INTO verrichtingen VALUES ('94010', 'Spirometrie', 55.00, 'Kantoor- of bedprocedure', 'ALG');
INSERT INTO verrichtingen VALUES ('92567', 'Tympanometrie', 40.00, 'Kantoor- of bedprocedure', 'ALG');
COMMIT;
INSERT INTO verrichtingen VALUES ('94664', 'Ademhalingstest', 35.00, 'Kantoor- of bedprocedure', 'ALG');
INSERT INTO verrichtingen VALUES ('94760', 'Zuurstof', 25.00, 'Kantoor- of bedprocedure', 'ALG');
INSERT INTO verrichtingen VALUES ('16020', 'Brandwondtoilet', 35.00, 'Kantoor- of bedprocedure', 'ALG');
INSERT INTO verrichtingen VALUES ('85022', 'Bloedonderzoek', 21.00, 'Laboratoriumanalyse', 'LA2');
INSERT INTO verrichtingen VALUES ('80053', 'Algeheel onderzoek', 115.00, 'Laboratoriumanalyse', 'LA2');
COMMIT;
INSERT INTO verrichtingen VALUES ('80072', 'Artritisonderzoek (RA, ANA, UA, ESR)', 75.00, 'Laboratoriumanalyse', 'LA2');
INSERT INTO verrichtingen VALUES ('80050', 'Algemene kaart', 55.00, 'Laboratoriumanalyse', 'LA2');
INSERT INTO verrichtingen VALUES ('80076', 'Leverfunctie', 95.00, 'Laboratoriumanalyse', 'LA2');
INSERT INTO verrichtingen VALUES ('80048', 'Algeheel onderzoek, beperkt', 35.00, 'Laboratoriumanalyse', 'LA2');
INSERT INTO verrichtingen VALUES ('80061', 'Lipidekaart', 45.00, 'Laboratoriumanalyse', 'LA2');
COMMIT;
INSERT INTO verrichtingen VALUES ('84450', 'SGOT', 30.00, 'Laboratoriumanalyse', 'LA2');
INSERT INTO verrichtingen VALUES ('83036', 'HGB A1C', 95.00, 'Laboratoriumanalyse', 'LA2');
INSERT INTO verrichtingen VALUES ('88142', 'Uitstrijkje', 75.00, 'Laboratoriumanalyse', 'LA2');
INSERT INTO verrichtingen VALUES ('88304', 'Pathologie-algemeen', 75.00, 'Laboratoriumanalyse', 'LA2');
INSERT INTO verrichtingen VALUES ('80055', 'Prenataalkaart', 110.00, 'Laboratoriumanalyse', 'LA2');
COMMIT;
INSERT INTO verrichtingen VALUES ('85610', 'Protime/INR', 75.00, 'Laboratoriumanalyse', 'LA2');
INSERT INTO verrichtingen VALUES ('84152', 'PSA', 85.00, 'Laboratoriumanalyse', 'LA2');
INSERT INTO verrichtingen VALUES ('84443', 'TSH', 90.00, 'Laboratoriumanalyse', 'LA2');
INSERT INTO verrichtingen VALUES ('87060', 'Speekselkweek', 45.00, 'Laboratoriumanalyse', 'LA2');
INSERT INTO verrichtingen VALUES ('87088', 'Urinekweek', 45.00, 'Laboratoriumanalyse', 'LA2');
COMMIT;
INSERT INTO verrichtingen VALUES ('72050', 'Rugfoto (min. 4 posities)', 205.00, 'Radiologische procedures en analyse', 'RAD');
INSERT INTO verrichtingen VALUES ('70360', 'Zacht weefsel nek', 275.00, 'Radiologische procedures en analyse', 'RAD');
INSERT INTO verrichtingen VALUES ('71020', 'CXR (2 posities)', 225.00, 'Radiologische procedures en analyse', 'RAD');
INSERT INTO verrichtingen VALUES ('71010', 'CXR (1 posities)', 170.00, 'Radiologische procedures en analyse', 'RAD');
INSERT INTO verrichtingen VALUES ('74000', 'Buik (NUB)', 240.00, 'Radiologische procedures en analyse', 'RAD');
COMMIT;
INSERT INTO verrichtingen VALUES ('74020', 'Buik, obstetrie', 340.00, 'Radiologische procedures en analyse', 'RAD');
INSERT INTO verrichtingen VALUES ('72110', 'Lumbaalfoto(5 posities)', 675.00, 'Radiologische procedures en analyse', 'RAD');
INSERT INTO verrichtingen VALUES ('73000', 'Sleutelbeen (2 posities)', 250.00, 'Radiologische procedures en analyse', 'RAD');
INSERT INTO verrichtingen VALUES ('73030', 'Schouder (min. 2 posities)', 250.00, 'Radiologische procedures en analyse', 'RAD');
INSERT INTO verrichtingen VALUES ('73070', 'Elleboog (2 posities)', 225.00, 'Radiologische procedures en analyse', 'RAD');
COMMIT;
INSERT INTO verrichtingen VALUES ('73110', 'Pols (min. 3 posities)', 285.00, 'Radiologische procedures en analyse', 'RAD');
INSERT INTO verrichtingen VALUES ('73130', 'Hand (3 posities)', 280.00, 'Radiologische procedures en analyse', 'RAD');
INSERT INTO verrichtingen VALUES ('73140', 'Vinger (2 posities)', 225.00,  'Radiologische procedures en analyse', 'RAD');
INSERT INTO verrichtingen VALUES ('73510', 'Heup (min. 2 posities)', 275.00, 'Radiologische procedures en analyse', 'RAD');
INSERT INTO verrichtingen VALUES ('73562', 'Knie (3 posities)', 325.00, 'Radiologische procedures en analyse', 'RAD');
COMMIT;
INSERT INTO verrichtingen VALUES ('73610', 'Enkel (3 posities)', 325.00, 'Radiologische procedures en analyse', 'RAD');
INSERT INTO verrichtingen VALUES ('73630', 'Voet (3 posities)', 325.00, 'Radiologische procedures en analyse', 'RAD');
INSERT INTO verrichtingen VALUES ('73650', 'Hielbeen (min. 2 posities)', 275.00,  'Radiologische procedures en analyse', 'RAD');
INSERT INTO verrichtingen VALUES ('73660', 'Teen (min. 2 posities)', 225.00,  'Radiologische procedures en analyse', 'RAD');
INSERT INTO verrichtingen VALUES ('95115', 'Allergie 1', 25.00, 'Injecties aan het bed en tijdens spreekuur', 'INJ');
COMMIT;
INSERT INTO verrichtingen VALUES ('95117', 'Allergie 2 + meer', 55.00, 'Injecties aan het bed en tijdens spreekuur', 'INJ');
INSERT INTO verrichtingen VALUES ('J1055', 'Depo Provera contraceptiemiddel', 85.00, 'Injecties aan het bed en tijdens spreekuur', 'INJ');
INSERT INTO verrichtingen VALUES ('J1050', 'Depo Provera hormoontest', 95.00, 'Injecties aan het bed en tijdens spreekuur', 'INJ');
INSERT INTO verrichtingen VALUES ('90700', 'DPT-AC VFC', 75.00, 'Injecties aan het bed en tijdens spreekuur', 'INJ');
INSERT INTO verrichtingen VALUES ('90721', 'DPT-AC/HIB', 75.00, 'Injecties aan het bed en tijdens spreekuur', 'INJ');
COMMIT;
INSERT INTO verrichtingen VALUES ('90648', 'HIB VFC', 65.00, 'Injecties aan het bed en tijdens spreekuur', 'INJ');
INSERT INTO verrichtingen VALUES ('90707', 'MMR VFC', 55.00, 'Injecties aan het bed en tijdens spreekuur', 'INJ');
INSERT INTO verrichtingen VALUES ('90713', 'IPV VFC', 55.00, 'Injecties aan het bed en tijdens spreekuur', 'INJ');
INSERT INTO verrichtingen VALUES ('90744', 'Hep B 0-19 VFC', 185.00, 'Injecties aan het bed en tijdens spreekuur', 'INJ');
INSERT INTO verrichtingen VALUES ('90746', 'Hep B 20-volwassene', 195.00, 'Injecties aan het bed en tijdens spreekuur', 'INJ');
COMMIT;
INSERT INTO verrichtingen VALUES ('90718', 'dT Volwassenen VFC', 75.00, 'Injecties aan het bed en tijdens spreekuur', 'INJ');
INSERT INTO verrichtingen VALUES ('90716', 'Varicellavaccinatie VFC', 65.00, 'Injecties aan het bed en tijdens spreekuur', 'INJ');
INSERT INTO verrichtingen VALUES ('90633', 'Hep A vaccin', 175.00, 'Injecties aan het bed en tijdens spreekuur', 'INJ');
INSERT INTO verrichtingen VALUES ('90657', 'Fluvax', 55.00, 'Injecties aan het bed en tijdens spreekuur', 'INJ');
INSERT INTO verrichtingen VALUES ('90732', 'Pneumonievaccin volwassene', 88.00, 'Injecties aan het bed en tijdens spreekuur', 'INJ');
COMMIT;
INSERT INTO verrichtingen VALUES ('90669', 'Prevnar Pedi', 92.00, 'Injecties aan het bed en tijdens spreekuur', 'INJ');
INSERT INTO verrichtingen VALUES ('90788', 'Antibioticuminjectie', 110.00, 'Injecties aan het bed en tijdens spreekuur', 'INJ');
INSERT INTO verrichtingen VALUES ('90782', 'Therapeutische injectie', 75.00, 'Injecties aan het bed en tijdens spreekuur', 'INJ');
INSERT INTO verrichtingen VALUES ('90471', 'Vaccinatie 1', 45.00, 'Injecties aan het bed en tijdens spreekuur', 'INJ');
INSERT INTO verrichtingen VALUES ('90472', 'Vaccinatie 2 + meer', 75.00, 'Injecties aan het bed en tijdens spreekuur', 'INJ');
COMMIT;
INSERT INTO verrichtingen VALUES ('11730', 'Losgekomen nagel', 175.00, 'Kleine chirurgische ingrepen', 'CHI');
INSERT INTO verrichtingen VALUES ('11750', 'Nagelbedverwonding', 185.00, 'Kleine chirurgische ingrepen', 'CHI');
INSERT INTO verrichtingen VALUES ('10060', 'I en D, eenvoudig', 258.00, 'Kleine chirurgische ingrepen', 'CHI');
INSERT INTO verrichtingen VALUES ('10061', 'I en D. complex', 320.00, 'Kleine chirurgische ingrepen', 'CHI');
INSERT INTO verrichtingen VALUES ('10120', 'Verwijderen F.B.', 230.00, 'Kleine chirurgische ingrepen', 'CHI');
COMMIT;
INSERT INTO verrichtingen VALUES ('11056', 'Hechten huidwond', 225.00, 'Kleine chirurgische ingrepen', 'CHI');
INSERT INTO verrichtingen VALUES ('12000', 'Appendectomie', 555.00, 'Kleine chirurgische ingrepen', 'CHI');
INSERT INTO verrichtingen VALUES ('12001', 'Algemeen thoraxonderzoek', 6200.00, 'Kleine chirurgische ingrepen', 'CHI');
INSERT INTO verrichtingen VALUES ('12002', 'Thorax, longonderzoek', 6500.00, 'Kleine chirurgische ingrepen', 'CHI');
INSERT INTO verrichtingen VALUES ('12003', 'Thorax, hart', 9500.00, 'Kleine chirurgische ingrepen', 'CHI');
COMMIT;
INSERT INTO verrichtingen VALUES ('12004', 'Buik, algemeen', 6000.00, 'Kleine chirurgische ingrepen', 'CHI');
INSERT INTO verrichtingen VALUES ('12005', 'Pancreas', 6500.00, 'Kleine chirurgische ingrepen', 'CHI');
INSERT INTO verrichtingen VALUES ('12006', 'Buik, intestinaal', 7800.00, 'Kleine chirurgische ingrepen', 'CHI');
INSERT INTO verrichtingen VALUES ('12007', 'Craniaal', 10000.00, 'Kleine chirurgische ingrepen', 'CHI');
INSERT INTO verrichtingen VALUES ('12008', 'Nieren', 7500.00, 'Kleine chirurgische ingrepen', 'CHI');
COMMIT;
INSERT INTO verrichtingen VALUES ('12009', 'Lever', 7800.00, 'Kleine chirurgische ingrepen', 'CHI');
INSERT INTO verrichtingen VALUES ('12010', 'Spinaal onderzoek', 3500.00, 'Kleine chirurgische ingrepen', 'CHI');
INSERT INTO verrichtingen VALUES ('12011', 'Hernia', 3800.00, 'Kleine chirurgische ingrepen', 'CHI');
INSERT INTO verrichtingen VALUES ('12012', 'Fractuur, enkelvoudig', 1500.00, 'Kleine chirurgische ingrepen', 'CHI');
INSERT INTO verrichtingen VALUES ('12013', 'Fractuur, complex', 2500.00, 'Kleine chirurgische ingrepen', 'CHI');
COMMIT;
REM Vullen van de tabel behandelingen - 121 rijen 
INSERT INTO behandelingen VALUES (1, TO_DATE('01-NOV-2016','dd-MON-yyyy'), 57, '23232', '99203', 75.00, 'Onderzoek gipsverband.');
INSERT INTO behandelingen VALUES (2, TO_DATE('01-NOV-2016','dd-MON-yyyy'), 57, '23232', '73070', 250.00, 'Röntgenfoto rechterarm bij elleboog.');
INSERT INTO behandelingen VALUES (3, TO_DATE('01-NOV-2016','dd-MON-yyyy'), 3, '23232', '99058', 155.00, 'Onderzocht op Eerste Hulp - doorverwezen naar Radiologie voor MRI.');
COMMIT;
INSERT INTO behandelingen VALUES (4, TO_DATE('01-NOV-2016','dd-MON-yyyy'), 3, '23100', '74000', 240.00, 'Onderzoek van de buik wijst op waarschijnlijke blindedarmontsteking.');
INSERT INTO behandelingen VALUES (5, TO_DATE('01-NOV-2016','dd-MON-yyyy'), 3, '88202', '12000', 555.00, 'Appendectomie uitgevoerd zonder complicaties.');
INSERT INTO behandelingen VALUES (6, TO_DATE('01-NOV-2016','dd-MON-yyyy'), 5, '10044', '90782', 75.00, 'Injectie toegediend.');
INSERT INTO behandelingen VALUES (7, TO_DATE('01-NOV-2016','dd-MON-yyyy'), 14, '66427', '99058', 155.00, 'Patiënt met weefselverscheuring opgenomen voor observatie.');
INSERT INTO behandelingen VALUES (8, TO_DATE('01-NOV-2016','dd-MON-yyyy'), 14, '66427', '90782', 75.00, 'Injectie toegediend.');
COMMIT;
INSERT INTO behandelingen VALUES (9, TO_DATE('01-NOV-2016','dd-MON-yyyy'), 21, '01885', '99058', 155.00, 'Arts EH bezocht voor mogelijke fractuur - doorverwezen naar Radiologie voor röntgenfoto van enkel.');
INSERT INTO behandelingen VALUES (10, TO_DATE('01-NOV-2016','dd-MON-yyyy'), 24, '66427', '99058', 155.00, 'Eerste Hulp bezocht wegens ademhalingsproblemen.');
INSERT INTO behandelingen VALUES (11, TO_DATE('01-NOV-2016','dd-MON-yyyy'), 24, '66427', '94010', 55.00, 'Beademingsprocedure uitgevoerd.');
INSERT INTO behandelingen VALUES (12, TO_DATE('01-NOV-2016','dd-MON-yyyy'), 24, '23100', '71020', 225.00, 'Röntgenfoto borst gemaakt.');
INSERT INTO behandelingen VALUES (13, TO_DATE('01-NOV-2016','dd-MON-yyyy'), 24, '88101', '12002', 6500.00, 'Longoperatie uitgevoerd.');
COMMIT;
INSERT INTO behandelingen VALUES (14, TO_DATE('01-NOV-2016','dd-MON-yyyy'), 31, '88202', '12009', 7800.00, 'Leveroperatie uitgevoerd.');
INSERT INTO behandelingen VALUES (15, TO_DATE('01-NOV-2016','dd-MON-yyyy'), 36, '23232', '10060', 258.00, 'NG-tube via incisie geplaatst.');
INSERT INTO behandelingen VALUES (16, TO_DATE('01-NOV-2016','dd-MON-yyyy'), 38, '66432', '99203', 95.00, 'Oncologische test wegens pijn in mond-infectie aangetroffen.');
INSERT INTO behandelingen VALUES (17, TO_DATE('01-NOV-2016','dd-MON-yyyy'), 38, '66444', '36415', 35.55, 'Bloed afgenomen.');
INSERT INTO behandelingen VALUES (18, TO_DATE('01-NOV-2016','dd-MON-yyyy'), 38, '66444', '80050', 55.00, 'Algemeen bloedonderzoek uitgevoerd.');
COMMIT;
INSERT INTO behandelingen VALUES (19, TO_DATE('01-NOV-2016','dd-MON-yyyy'), 50, '66532', '99058', 155.00, 'EH-diagnose spinale meningitis.');
INSERT INTO behandelingen VALUES (20, TO_DATE('01-NOV-2016','dd-MON-yyyy'), 50, '23100', '12010', 1480.00, 'Rugpunctie uitgevoerd.');
INSERT INTO behandelingen VALUES (21, TO_DATE('01-NOV-2016','dd-MON-yyyy'), 55, '23232', '80048', 35.00, 'Algeheel onderzoek uitgevoerd.');
INSERT INTO behandelingen VALUES (22, TO_DATE('01-NOV-2016','dd-MON-yyyy'), 55, '66532', '36415', 35.55, 'Bloed afgenomen.');
INSERT INTO behandelingen VALUES (1, TO_DATE('02-NOV-2016','dd-MON-yyyy') , 1, '01885', '87220', 15.40, 'Procedure uitgevoerd zonder complicaties.');
COMMIT;
INSERT INTO behandelingen VALUES (2, TO_DATE('02-NOV-2016','dd-MON-yyyy'), 5, '10044', 90782, 45.00, 'Tweede injectie toegediend.');
INSERT INTO behandelingen VALUES (3, TO_DATE('02-NOV-2016','dd-MON-yyyy') , 22, '88404', '12007', 8500.00, 'Craniaalchirurgie uitgevoerd.');
INSERT INTO behandelingen VALUES (4, TO_DATE('02-NOV-2016','dd-MON-yyyy') , 22, '23100', '72050', 205.00, 'MRI-resultaten van schedel naar chirurg.');
INSERT INTO behandelingen VALUES (5, TO_DATE('02-NOV-2016','dd-MON-yyyy') , 25, '66427', '99058', 155.00, 'EH bezocht wegens mogelijk myocardiaal infarct.' );
INSERT INTO behandelingen VALUES (6, TO_DATE('02-NOV-2016','dd-MON-yyyy'), 25, '66532', 36415, 35.55, 'Bloed afgenomen.' );
COMMIT;
INSERT INTO behandelingen VALUES (7, TO_DATE('02-NOV-2016','dd-MON-yyyy') , 25, '66532', '85022', 21.00, 'Analyse bloedgassen.' );
INSERT INTO behandelingen VALUES (8, TO_DATE('02-NOV-2016','dd-MON-yyyy'), 25, '66532', '94760', 25.00, 'O2 - 93%.');
INSERT INTO behandelingen VALUES (9, TO_DATE('02-NOV-2016','dd-MON-yyyy') , 5, '10044', 90782, 95.00, 'Valiuminjectie toegediend.');
INSERT INTO behandelingen VALUES (10, TO_DATE('02-NOV-2016','dd-MON-yyyy') , 32, '23232', '99202', 75.00, 'Oogonderzoek uitgevoerd.');
INSERT INTO behandelingen VALUES (11, TO_DATE('02-NOV-2016','dd-MON-yyyy') , 35, '67585', 'G0102', 30.00, 'DRE-controle foleycatheter.');
COMMIT;
INSERT INTO behandelingen VALUES (12, TO_DATE('02-NOV-2016','dd-MON-yyyy') , 39, '10044', '10061', 320.00, 'Incisie voor lipideinfuus aangebracht.');
INSERT INTO behandelingen VALUES (13, TO_DATE('02-NOV-2016','dd-MON-yyyy') , 39, '66444', '90788', 110.00, 'IV-insertie na chirurgie.');
INSERT INTO behandelingen VALUES (14, TO_DATE('02-NOV-2016','dd-MON-yyyy') , 41, '66444', '90788', 110.00, 'Nieuwe IV-insertie (verplaatsing).' );
INSERT INTO behandelingen VALUES (15, TO_DATE('02-NOV-2016','dd-MON-yyyy') , 41, '66444', 36415, 35.55, 'Bloed afgenomen.');
INSERT INTO behandelingen VALUES (16, TO_DATE('02-NOV-2016','dd-MON-yyyy') , 41, '23232', '87220', 45.00, 'KOH-test uitgevoerd.');
COMMIT;
INSERT INTO behandelingen VALUES (17, TO_DATE('02-NOV-2016','dd-MON-yyyy') , 43, '67555', '90788', 135.00, 'Oncovin IV toegediend.' );
INSERT INTO behandelingen VALUES (18, TO_DATE('02-NOV-2016','dd-MON-yyyy') , 43, '66432', '99203', 95.00, 'Oncologie onderzoek - behandelingen leukemie voltooid.');
INSERT INTO behandelingen VALUES (19, TO_DATE('02-NOV-2016','dd-MON-yyyy') , 43, '67555', 36415, 35.55, 'Bloed afgenomen.');
INSERT INTO behandelingen VALUES (20, TO_DATE('02-NOV-2016','dd-MON-yyyy') , 43, '67555', '87220', 45.00, 'Witte bloedcellen toegediend.');
INSERT INTO behandelingen VALUES (21, TO_DATE('02-NOV-2016','dd-MON-yyyy') , 46, '66432', '90788', 110.00, 'IV-plek opnieuw geplaatst.' );
COMMIT;
INSERT INTO behandelingen VALUES (22, TO_DATE('02-NOV-2016','dd-MON-yyyy') , 46, '66432', '80053', 115.00, 'Compleet algemeen onderzoek uitgevoerd.' );
INSERT INTO behandelingen VALUES (23, TO_DATE('02-NOV-2016','dd-MON-yyyy') , 48, '01885', '93000', 85.00, 'ECG gemaakt.' );
INSERT INTO behandelingen VALUES (24, TO_DATE('02-NOV-2016','dd-MON-yyyy') , 48, '01885', '94760', 25.00, 'O2 - 94%.' );
INSERT INTO behandelingen VALUES (25, TO_DATE('02-NOV-2016','dd-MON-yyyy') , 5, '10044', 90782, 75.00, 'Valiuminjectie toegediend.');
INSERT INTO behandelingen VALUES (26, TO_DATE('02-NOV-2016','dd-MON-yyyy') , 49, '88202', '12005', 6500.00, 'Pancreasoperatie uitgevoerd.' );
COMMIT;
INSERT INTO behandelingen VALUES (27, TO_DATE('01-NOV-2016','dd-MON-yyyy') , 49, '66532', '90788', 140.00, 'Tylenol IV toegediend.');
INSERT INTO behandelingen VALUES (1, TO_DATE('03-NOV-2016','dd-MON-yyyy') , 4, '66444', 36415, 35.55, 'Bloed afgenomen.');
INSERT INTO behandelingen VALUES (2, TO_DATE('03-NOV-2016','dd-MON-yyyy') , 4, '10044', '82947', 20.40, 'Glucosespiegel normaal.');
INSERT INTO behandelingen VALUES (3, TO_DATE('03-NOV-2016','dd-MON-yyyy') , 9, '88101', '99205', 125.00, 'Chirurgisch consult.');
INSERT INTO behandelingen VALUES (4, TO_DATE('03-NOV-2016','dd-MON-yyyy') , 10, '66432', '99205', 125.00, 'Oncologisch consult.');
COMMIT;
INSERT INTO behandelingen VALUES (5, TO_DATE('03-NOV-2016','dd-MON-yyyy') , 10, '67555', '36415', 35.55, 'Bloedafname.');
INSERT INTO behandelingen VALUES (6, TO_DATE('03-NOV-2016','dd-MON-yyyy') , 10, '66432', '80050', 55.00, 'Algemeen onderzoek uitgevoerd-resultaten doorgestuurd naar eigen arts.' );
INSERT INTO behandelingen VALUES (7, TO_DATE('03-NOV-2016','dd-MON-yyyy') , 18, '66425', '93000', 85.00, 'ECG laat periodieke afwijkingen van de sinus zien voorafgaand aan tachycardie.' );
INSERT INTO behandelingen VALUES (8, TO_DATE('03-NOV-2016','dd-MON-yyyy') , 18, '66425', '90782', 110.00, 'Valium IV toegediend');
INSERT INTO behandelingen VALUES (9, TO_DATE('03-NOV-2016','dd-MON-yyyy') , 19, '67555', '99201', 55.00, 'NG-tube geplaatst' );
COMMIT;
INSERT INTO behandelingen VALUES (10, TO_DATE('03-NOV-2016','dd-MON-yyyy') , 19, '10044', '12001', 6200.00, 'Thoraxonderzoek uitgevoerd.  Nieuwe afspraak maken voor longoperatie.' );
INSERT INTO behandelingen VALUES (11, TO_DATE('03-NOV-2016','dd-MON-yyyy') , 20, '66427', '99058', 150.00, 'EH-weefselverscheuring-zie röntgenfoto.' );
INSERT INTO behandelingen VALUES (12, TO_DATE('03-NOV-2016','dd-MON-yyyy') , 20, '23100', '73110', 285.00, 'EH-weefselverscheuring-zie röntgenfoto.');
INSERT INTO behandelingen VALUES (13, TO_DATE('03-NOV-2016','dd-MON-yyyy') , 20, '66444', 90782, 110.00, 'Pijnstillende injectie toegediend.' );
INSERT INTO behandelingen VALUES (14, TO_DATE('03-NOV-2016','dd-MON-yyyy') , 30, '01885', '99203', 95.00, 'Buik onderzocht wegens pijnklachten - negatief.' );
COMMIT;
INSERT INTO behandelingen VALUES (15, TO_DATE('03-NOV-2016','dd-MON-yyyy') , 30, '67555', '90782', 75.00, 'Demerol injectie toegediend.' );
INSERT INTO behandelingen VALUES (16, TO_DATE('03-NOV-2016','dd-MON-yyyy') , 37, '66444', '90788', 110.00, 'Antibioticum IV toegediend.' );
INSERT INTO behandelingen VALUES (17, TO_DATE('03-NOV-2016','dd-MON-yyyy') , 40, '66444', '90788', 110.00, 'Antibioticum IV toegediend.' );
INSERT INTO behandelingen VALUES (18, TO_DATE('03-NOV-2016','dd-MON-yyyy') , 40, '23232', '99201', 55.00, 'Fysiek onderzoek uitgevoerd om oorzaak van buikloop te achterhalen.');
INSERT INTO behandelingen VALUES (19, TO_DATE('03-NOV-2016','dd-MON-yyyy') , 42, '66432', '99203', 95.00, 'Oncologie onderzoek- gewichtsverlies/ontsteking van het mondslijmvlies.' );
COMMIT;
INSERT INTO behandelingen VALUES (20, TO_DATE('03-NOV-2016','dd-MON-yyyy') , 47, '23232', '99058', 155.00, 'EH - terminaal stadium van levercarcinoom.');
INSERT INTO behandelingen VALUES (21, TO_DATE('03-NOV-2016','dd-MON-yyyy') , 47, '66432', '99203', 75.00, 'Oncologisch onderzoek.' );
INSERT INTO behandelingen VALUES (22, TO_DATE('03-NOV-2016','dd-MON-yyyy') , 47, '66432', '90782', 125.00, 'Morfinedrip toegediend tegen pijn.');
INSERT INTO behandelingen VALUES (23, TO_DATE('03-NOV-2016','dd-MON-yyyy') , 56, '66532', '90782', 115.00, 'Heparintoevoer geplaatst in rechterhand.' );
INSERT INTO behandelingen VALUES (1, TO_DATE('04-NOV-2016','dd-MON-yyyy')  , 23, '66427', '99058', 175.00, 'Eerste Hulp-screening.');
COMMIT;
INSERT INTO behandelingen VALUES (2, TO_DATE('04-NOV-2016','dd-MON-yyyy') , 23, '67555', 90782, 75.00, 'Pijnstillende injectie toegediend.' );
INSERT INTO behandelingen VALUES (3, TO_DATE('04-NOV-2016','dd-MON-yyyy') , 26, '66532', '99058', 155.00, 'EH bezocht wegens mogelijke diabetesshock.');
INSERT INTO behandelingen VALUES (4, TO_DATE('04-NOV-2016','dd-MON-yyyy') , 26, '66532', 80050, 75.00, 'Algemeen bloedonderzoek uitgevoerd.');
INSERT INTO behandelingen VALUES (5, TO_DATE('04-NOV-2016','dd-MON-yyyy') , 26, '66532', 36415, 35.55, 'Bloed afgenomen.' );
INSERT INTO behandelingen VALUES (6, TO_DATE('04-NOV-2016','dd-MON-yyyy') , 27, '01885', '99058', 155.00, 'EH-screening na periode van tachycardie.');
COMMIT;
INSERT INTO behandelingen VALUES (7, TO_DATE('04-NOV-2016','dd-MON-yyyy') , 27, '01885', '93000', 85.00, 'ECG gemaakt.');
INSERT INTO behandelingen VALUES (8, TO_DATE('04-NOV-2016','dd-MON-yyyy') , 33, '01885', '99058', 155.00, 'EH-screening vanwege letsel aan linkerbeen.' );
INSERT INTO behandelingen VALUES (9, TO_DATE('04-NOV-2016','dd-MON-yyyy') , 33, '23232', '73510', 275.00, 'Röntgenfoto heup gemaakt.');
INSERT INTO behandelingen VALUES (10, TO_DATE('04-NOV-2016','dd-MON-yyyy'), 44, '10044', '10061', 325.00, 'I en D voor lipide-infuus uitgevoerd.');
INSERT INTO behandelingen VALUES (11, TO_DATE('04-NOV-2016','dd-MON-yyyy'), 44, '66432', '90788', 110.00, 'IV-plek opnieuw geplaatst.' );
COMMIT;
INSERT INTO behandelingen VALUES (12, TO_DATE('04-NOV-2016','dd-MON-yyyy') , 45, '10044', '10061', 325.00, 'I en D voor lipide-infuus uitgevoerd.');
INSERT INTO behandelingen VALUES (13, TO_DATE('04-NOV-2016','dd-MON-yyyy') , 45, '66432', '90788', 110.00, 'IV-plek opnieuw geplaatst.');
INSERT INTO behandelingen VALUES (14, TO_DATE('04-NOV-2016','dd-MON-yyyy') , 49, '66532', '90782', 75.00, 'Demerolinjectie tegen pijn toegediend.');
INSERT INTO behandelingen VALUES (15, TO_DATE('04-NOV-2016','dd-MON-yyyy') , 51, '23100', '73070', 250.00, 'Röntgenfoto rechterelleboog gemaakt.' );
INSERT INTO behandelingen VALUES (16, TO_DATE('04-NOV-2016','dd-MON-yyyy') , 51, '67555', '90782', 75.00, 'Demerolinjectie tegen pijn toegediend.' );
COMMIT;
INSERT INTO behandelingen VALUES (17, TO_DATE('04-NOV-2016','dd-MON-yyyy') , 52, '66532', '90788', 145.00, 'IV voor factor III gestart.');
INSERT INTO behandelingen VALUES (18, TO_DATE('04-NOV-2016','dd-MON-yyyy') , 53, '66427', 36415, 35.55, 'Bloed afgenomen.');
INSERT INTO behandelingen VALUES (19, TO_DATE('04-NOV-2016','dd-MON-yyyy') , 53, '66427', '85018',  25.00, 'Hemoglobine.');
INSERT INTO behandelingen VALUES (20, TO_DATE('04-NOV-2016','dd-MON-yyyy') , 54, '23232', '99202', 75.00, 'Kleuter onderzocht ivm lethargie.');
INSERT INTO behandelingen VALUES (1, TO_DATE('05-NOV-2016','dd-MON-yyyy') , 11, '88202', '12000', 600.00, 'Appendectomie uitgevoerd.' );
COMMIT;
INSERT INTO behandelingen VALUES (2, TO_DATE('05-NOV-2016','dd-MON-yyyy') , 13, '23232', '99202', 75.00, 'Onderzoek na beroerte.' );
INSERT INTO behandelingen VALUES (3, TO_DATE('05-NOV-2016','dd-MON-yyyy') , 54, '23232', '90788',  140.00, 'IV in scalpvene voor D5NS gestart.');
INSERT INTO behandelingen VALUES (1, TO_DATE('06-NOV-2016','dd-MON-yyyy') , 7, '10044', '99058', 155.00, 'Gezien op EH. Doorverwezen naar Radiologie voor MRI linkerbeen.');
INSERT INTO behandelingen VALUES (2, TO_DATE('06-NOV-2016','dd-MON-yyyy') , 7, '23244', '73562', 325.00, 'Röntgenfoto enkel negatief.');
INSERT INTO behandelingen VALUES (3, TO_DATE('06-NOV-2016','dd-MON-yyyy') , 7, '23244', '73610', 325.00, 'Röntgenfoto toont fractuur boven linkerknie in dijbeen.');
COMMIT;
INSERT INTO behandelingen VALUES (4, TO_DATE('06-NOV-2016','dd-MON-yyyy') ,7, '66444', 90782, 75.00, 'Injectie toegediend.');
INSERT INTO behandelingen VALUES (5, TO_DATE('06-NOV-2016','dd-MON-yyyy') , 28, '66532', '99058', 155.00, 'EH-onderzoek na periode van tachycardie.');
INSERT INTO behandelingen VALUES (6, TO_DATE('06-NOV-2016','dd-MON-yyyy') , 28, '66532', '94760', 25.00, 'Zuurstof toegediend - 93%.');
INSERT INTO behandelingen VALUES (7, TO_DATE('06-NOV-2016','dd-MON-yyyy') , 5, '10044', 90782, 95.00, 'Valiuminjectie toegediend.');
INSERT INTO behandelingen VALUES (8, TO_DATE('06-NOV-2016','dd-MON-yyyy') , 28, '66532', '93000', 85.00, 'ECG gemaakt.');
COMMIT;
INSERT INTO behandelingen VALUES (1, TO_DATE('07-NOV-2016','dd-MON-yyyy') , 8, '67555', 90782, 75.00, 'Injectie toegediend.' );
INSERT INTO behandelingen VALUES (2, TO_DATE('07-NOV-2016','dd-MON-yyyy') , 17, '66427', '90788', 110.00, 'Antibiotica-injectie toegediend.');
INSERT INTO behandelingen VALUES (3, TO_DATE('07-NOV-2016','dd-MON-yyyy') , 17, '88101', '12001', 450.00, 'Thoraxonderzoek om steekwond te repareren en tube in borst ingebracht.');
INSERT INTO behandelingen VALUES (4, TO_DATE('07-NOV-2016','dd-MON-yyyy') , 17, '66427', '90716', 50.00, 'Algemeen pathologisch rapport negatief.' );
COMMIT;
INSERT INTO behandelingen VALUES (1, TO_DATE('08-NOV-2016','dd-MON-yyyy') , 29, '01885', '99058', 155.00, 'EH-screening voor pijn in rechterarm en splinter onder vierde digit.');
INSERT INTO behandelingen VALUES (2, TO_DATE('08-NOV-2016','dd-MON-yyyy') , 5, '10044', 90782, 70.00, 'Injectie Demerol toegediend.');
INSERT INTO behandelingen VALUES (3, TO_DATE('08-NOV-2016','dd-MON-yyyy') , 29, '01885', '99201', 75.00, 'Splinter verwijderd en wond verbonden.');
INSERT INTO behandelingen VALUES (1, TO_DATE('11-NOV-2016','dd-MON-yyyy') , 6, '67555', 90716, 65.00, 'Injectie toegediend.' );
INSERT INTO behandelingen VALUES (2, TO_DATE('12-NOV-2016','dd-MON-yyyy') , 6, '66444', 90716, 65.00, 'Injectie toegediend.');
COMMIT;
INSERT INTO behandelingen VALUES (1, TO_DATE('13-NOV-2016','dd-MON-yyyy') , 16, '88777', '93000', 85.00, 'ECG normaal gemaakt.' );
INSERT INTO behandelingen VALUES (2, TO_DATE('13-NOV-2016','dd-MON-yyyy') , 16, '66444', 90716, 65.00, 'Injectie toegediend.');
INSERT INTO behandelingen VALUES (3, TO_DATE('13-NOV-2016','dd-MON-yyyy') , 16, '23100', '72050', 205.00, 'Röntgenfoto wervelkolom toont geen letselschade.' );
INSERT INTO behandelingen VALUES (4, TO_DATE('13-NOV-2016','dd-MON-yyyy') , 16, '23100', '70360', 275.00, 'Röntgenfoto zacht weefsel toont geen letselschade.');
INSERT INTO behandelingen VALUES (1, TO_DATE('15-NOV-2016','dd-MON-yyyy') , 15, '66427', '99058', 155.00, 'Gezien op EH-opgenomen voor bevalling.' );
COMMIT;
INSERT INTO behandelingen VALUES (2, TO_DATE('15-NOV-2016','dd-MON-yyyy') , 15, '67585', '99201', 55.00, 'Ontsluiting gecontroleerd.' );
INSERT INTO behandelingen VALUES (3, TO_DATE('15-NOV-2016','dd-MON-yyyy') , 15, '67585', '94760', 25.00, 'Saturatie gecontroleerd-98%.' );
INSERT INTO behandelingen VALUES (4, TO_DATE('15-NOV-2016','dd-MON-yyyy') , 15, '66444', '36415', 35.55, 'Bloedafname.' );
INSERT INTO behandelingen VALUES (5, TO_DATE('15-NOV-2016','dd-MON-yyyy') , 15, '67585', '80050', 55.00, 'Algemeen onderzoek uitgevoerd - resultaat negatief.');
COMMIT;
REM Vullen van de tabel specialisaties- 15 rijen 
INSERT INTO specialisaties VALUES ('OPT', 'Optometrist', 'Volledig bevoegd optometrist.');
INSERT INTO specialisaties VALUES ('ONC', 'Oncoloog', 'Voltooide opleiding tot oncoloog.');
INSERT INTO specialisaties VALUES ('RAD', 'Radioloog', 'Voltooide opleiding tot oncoloog.');
INSERT INTO specialisaties VALUES ('CAR', 'Cardioog', 'Voltooide opleiding tot cardioloog.');
INSERT INTO specialisaties VALUES ('GYN', 'Gynaecoloog', 'Voltooide opleiding tot gynaecoloog.');
COMMIT;
INSERT INTO specialisaties VALUES ('AAS', 'Arts assistent', 'Voltooide studie medicijnen.'); 
INSERT INTO specialisaties VALUES ('CH1', 'Thoraxchirurg', 'Voltooide opleiding tot thoraxchirurg.');
INSERT INTO specialisaties VALUES ('CH2', 'Chirurg', 'Volledig bevoegd chirurg.');
INSERT INTO specialisaties VALUES ('CH3', 'Neuroloog', 'Voltooide opleiding tot neuroloog.');
INSERT INTO specialisaties VALUES ('KIN', 'Kinderarts', 'Voltooide opleiding tot kinderarts.');
COMMIT;
INSERT INTO specialisaties VALUES ('CH4', 'Buikchirurg', 'Voltooide opleiding tot buikchirurg.');
INSERT INTO specialisaties VALUES ('VPK1', 'Verpleegkundige 1', 'Voltooide opleiding tot basis verpleegkundige.');
INSERT INTO specialisaties VALUES ('VPK2', 'Verpleegkundige 2', 'Voltooide opleiding tot verpleegkundige 1.');
INSERT INTO specialisaties VALUES ('VPK3', 'Verpleegkundige 3', 'Voltooide opleiding tot verpleegkundige.2');
INSERT INTO specialisaties VALUES ('RA2', 'Radiologisch technicus', 'Voltooide opleiding tot radiologisch technicus.');
COMMIT;
REM Vullen van de tabel pers_specialisaties - 21 rijen 
INSERT INTO pers_specialisaties VALUES ('23232', 'AAS', TO_DATE('04-DEC-2007'));
INSERT INTO pers_specialisaties VALUES ('23244', 'RAD', TO_DATE('04-MEI2002'));
INSERT INTO pers_specialisaties VALUES ('10044', 'AAS', TO_DATE('04-DEC-2004'));
INSERT INTO pers_specialisaties VALUES ('23100', 'RAD', TO_DATE('11-AUG-97'));
INSERT INTO pers_specialisaties VALUES ('01885', 'AAS', TO_DATE('12-FEB-97'));
COMMIT;
INSERT INTO pers_specialisaties VALUES ('66425', 'CAR', TO_DATE('25-MEI2002'));
INSERT INTO pers_specialisaties VALUES ('66427', 'AAS', TO_DATE('04-DEC-89'));
INSERT INTO pers_specialisaties VALUES ('66432', 'ONC', TO_DATE('04-JAN-93'));
INSERT INTO pers_specialisaties VALUES ('66532', 'VPK3', TO_DATE('06-DEC-2005'));
INSERT INTO pers_specialisaties VALUES ('67555', 'VPK1', TO_DATE('04-FEB-2002'));
COMMIT;
INSERT INTO pers_specialisaties VALUES ('67585', 'VPK2', TO_DATE('22-MRT2008'));
INSERT INTO pers_specialisaties VALUES ('67666', 'VPK2', TO_DATE('15-DEC-2005'));
INSERT INTO pers_specialisaties VALUES ('66444', 'VPK1', TO_DATE('08-MRT98')); xxxxxxxxxxxx!!!!!!!!!!!
INSERT INTO pers_specialisaties VALUES ('88101', 'CH1', TO_DATE('02-NOV-90'));
INSERT INTO pers_specialisaties VALUES ('88202', 'CH4', TO_DATE('04-DEC-92'));
COMMIT;
INSERT INTO pers_specialisaties VALUES ('88303', 'CH2', TO_DATE('02-DEC-99'));
INSERT INTO pers_specialisaties VALUES ('88404', 'CH3', TO_DATE('01-AUG-2006'));
INSERT INTO pers_specialisaties VALUES ('88505', 'CH2', TO_DATE('22-AUG-2006'));
INSERT INTO pers_specialisaties VALUES ('88777', 'RA2', TO_DATE('04-DEC-98'));
INSERT INTO pers_specialisaties VALUES ('23232', 'CH2', TO_DATE('04-DEC-2009'));
INSERT INTO pers_specialisaties VALUES ('10044', 'CH2', TO_DATE('15-DEC-2007'));
COMMIT;
REM Vullen van de tabel medicijnen - 20 rijen
INSERT INTO medicijnen VALUES (9999001, 'Promethazine', 'Fenegran', '25-50 mg IM of IV elke 4 uur.', 'Voor misselijkheid/braken, toepasbaar in combinatie met verdovend middel.', 1200, 'milligram');
INSERT INTO medicijnen VALUES (9999002, 'Meperidine', 'Demerol', '25-100 mg (dosering voor volwassene) IM of IV elke 4 uur.', 'Pijnstillend - verdovend.', 14000, 'milligram');
INSERT INTO medicijnen VALUES (9999003, 'Diazepam', 'Valium', '2-10 mg oraal 2 tot 4 maal daags.', 'Kalmerend.', 36000, 'milligram');
INSERT INTO medicijnen VALUES (9999004, 'Flurazepam', 'Dalmane', '15-30 mg bij het slapengaan.  oraal.', 'Hypnotisch als slaapmiddel.', 855, 'milligram');
INSERT INTO medicijnen VALUES (9999005, 'Kaliumpenicillin V', 'P en VK', '125-500 mg oraal elke 4 - 6 uur.', 'Antibioticum.', 34365, 'milligram');
COMMIT;
INSERT INTO medicijnen VALUES (9999006, 'Ampicilline', 'Ampicilline', '250-500 mg (dosering voor volwassene).  IV elke 6 uur.', 'Antibioticum.', 16550, 'milligram');
INSERT INTO medicijnen VALUES (9999007, 'Hydroxyzine', 'Atarax', '10, 25, 50, 100 mg (volwassene).  oraal elke 4 uur.  orale suspensie (oudere kinderen) - 25 mg / 5 cc. oraal.', 'Antihistaminicum en sedativum.', 855, 'mg/cc');
INSERT INTO medicijnen VALUES (9999008, 'Cyclobenzaprine', 'Flexeril', '10 mg. elke 6 uur.', 'Spierverslappend.', 1450, 'milligram');
INSERT INTO medicijnen VALUES (9999009, 'Nitrofurantoin', 'Macradantine', '100 mg oraal 4 maal daags.', 'Urinair antisepticum.', 5435, 'milligram');
INSERT INTO medicijnen VALUES (9999010, 'Chloorpropamide', 'Diabinese', '100-500 mg  oraal 1 maal daags.', 'Oraal antidiabeticum.', 23500, 'milligram');
COMMIT;
INSERT INTO medicijnen VALUES (9999011, 'Chloorthiazide', 'Diuril', '0,5-2,0 g Een of tweemaal per dag gedurende 1 dag.', 'Diureticum (plaspil).', 1830, 'g');
INSERT INTO medicijnen VALUES (9999012, 'Digoxine', 'Lanoxine', '0,5-1,5 mg (volwassene).  oraal eenmaal per dag.', 'Verbetert de hartefficiency.', 1525, 'g');
INSERT INTO medicijnen VALUES (9999013, 'Metaproterenol', 'Alupent', '20 mg (dosering voor volwassene).  oraal 3 maal daags.', 'Voor astma-ontspant de bronchiale spier.', 7210, 'milligram');
INSERT INTO medicijnen VALUES (9999014, 'Clindamycine', 'Cleocine', '150-450 mg oraal elke 6 uur (volwassene).  Tot 600 mg IM of IV elke 6 uur bij ernstige ziekteverschijnselen.', 'IM- of IV-antibioticum.', 8775, 'milligram');
INSERT INTO medicijnen VALUES (9999015, 'Nystatine', 'Nystatine', '400-600 eenheden/kg 4 maal daags oraal voor volwassene.  250-500 eenheden/kg 4 maal daags voor peuters ouder dan 3 maanden. 100 eenheden/kg 4 maal daags voor neonaten.', 'Antifungisch voor orale infecties en intestinale problemen', 8775, 'Eenheid per kilo');
COMMIT;
INSERT INTO medicijnen VALUES (9999016, 'Cimetidine', 'Tagamet', '300 mg oraal 4 maal daags tijdens maaltijd (volwassenen en kinderen)', 'Voor gasafscheiding-opgeblazen gevoel.', 72050, 'milligram');
INSERT INTO medicijnen VALUES (9999017, 'Ceftriaxone-Na', 'Rocefin', '1 - 2 g per dag IM of IV (volwassene) - 50-75 mg per 12 uur (kind).', 'Breedspectrum antibioticum.', 4255, 'g');
INSERT INTO medicijnen VALUES (9999018, 'Mupirocine', 'Bactroban Ung. zalf', '3 maal daags kleine hoeveelheid plaatselijk op aangedaan gebied aanbrengen.', 'Plaatselijk infectieremmend middel voor kinderen tegen impetigo.', 367, 'tube');
INSERT INTO medicijnen VALUES (9999019, 'Ibuprofen', 'Motrin', '200-800 mg 4 maal daags (volwassene).', 'Ontstekingsremmend.', 72050, 'milligram');
INSERT INTO medicijnen VALUES (9999020, 'Glycerine', 'Glycerol', '3 g zetpil of  5 - 15 ml klysma (volwassenen en kinderen ouder dan 6 jaar).  1 - 1,5 g zetpil of  2 - 5 ml klysma (kinderen tot 6 jaar).', 'Bij constipatie.', 1452, 'g of ml');
COMMIT;
REM vullen van de tabel voorschriften
INSERT INTO voorschriften VALUES (755444001, '1-nov-2016','9999001', 31, '88202', '200 mg 4 maal daags.', 'Innemen na maaltijd of voor het slapen.');
INSERT INTO voorschriften VALUES (755444011, '1-nov-2016', '9999002', 57, '23232', '100 mg IV 4 maal daags.', NULL);
INSERT INTO voorschriften VALUES (755444014, '1-nov-2016', '9999019', 14, '66427', '800 mg tabletten 3 maal daags.', 'Innemen na de maaltijden.');
INSERT INTO voorschriften VALUES (755444017, '1-nov-2016', '9999002', 24, '88101', '100 mg IV.', 'Toedienen naar behoefte tegen de pijn.');
INSERT INTO voorschriften VALUES (755444020, '1-nov-2016', '9999017', 50, '10044', '2 g dagelijks IV.', NULL);
COMMIT;
INSERT INTO voorschriften VALUES (755445301, '2-nov-2016', '9999017', 22, '88404', '2 g dagelijks IV.', NULL);
INSERT INTO voorschriften VALUES (755445302, '2-nov-2016', '9999003', 25, '66532', '8 mg oraal 4 maal daags.', 'Niet doorgaan als patiënt negatief reageert.');
INSERT INTO voorschriften VALUES (755445305, '2-nov-2016', '9999001', 39, '10044', '50 mg IV elke 4 uur.', 'Niet in combinatie met ander narcoticum.');
INSERT INTO voorschriften VALUES (755445308, '2-nov-2016', '9999006', 46, '66432', '400 mg IV elke 6 uur.', NULL);
INSERT INTO voorschriften VALUES (755445311, '2-nov-2016', '9999003', 48, '01885', '10 mg oraal 4 maal daags.', 'Niet doorgaan als patiënt negatief reageert.');
COMMIT;
INSERT INTO voorschriften VALUES (755445445, '3-nov-2016', '9999012', 18, '66425', '1.0 mg 1 maal per dag.', 'Contra-indicatie voor Flexeril.');
INSERT INTO voorschriften VALUES (755445446, '3-nov-2016', '9999003', 18, '66425', '6 mg oraal 4 maal daags.', 'Niet doorgaan als patiënt negatief reageert.');
INSERT INTO voorschriften VALUES (755445448, '3-nov-2016', '9999002', 20, '23100', '75 mg IM elke 4 uur.', 'Niet in combinatie met ander narcoticum.');
INSERT INTO voorschriften VALUES (755445551, '3-nov-2016', '9999017', 37, '23232', '2 g. IV dagelijks.', NULL);
INSERT INTO voorschriften VALUES (755445553, '3-nov-2016', '9999001', 42, '66432', '50 mg IV elke 4 uur.', 'Kan gebruikt worden in combinatie met ander narcoticum.');
COMMIT;
INSERT INTO voorschriften VALUES (755445554, '4-nov-2016', '9999012', 27, '01885', '1.5 mg oraal 1 maal daags.', 'Niet doorgaan na 4 dagen of bij ontslag uit ziekenhuis.');
INSERT INTO voorschriften VALUES (755445555, '4-nov-2016', '9999006', 44, '10044', '300 mg IV elke 6 uur.', 'IV gedurende 5 dagen.');
INSERT INTO voorschriften VALUES (755445558, '4-nov-2016', '9999006', 54, '23232', '100 mg IV elke 6 uur.', 'IV gedurende 3 dagen.');
INSERT INTO voorschriften VALUES (755445652, '5-nov-2016', '9999017', 54, '23232', '50 mg per 12 uur.', 'IV gedurende 3 dagen.');
INSERT INTO voorschriften VALUES (755445655, '7-nov-2016', '9999002', 17, '66427', '50 mg elke 4 uur.', 'Telkens op een andere plaats injecteren.');
COMMIT;
INSERT INTO voorschriften VALUES (755445670, '6-nov-2016', '9999012', 27, '66425', '1.0 mg oraal 1 maal daags.', NULL);
INSERT INTO voorschriften VALUES (755445671, '6-nov-2016', '9999013', 28, '66425', '20 mg oraal 3 maal daags.', NULL);
INSERT INTO voorschriften VALUES (755445667, '4-nov-2016', '9999012', 26, '66532', '400 mg oraal 1 maal daags.', NULL);
INSERT INTO voorschriften VALUES (755445672, '13-nov-2016', '9999013', 16, '66425', '20 mg oraal 3 maal daags.', 'Stoppen na 2 dagen.');
INSERT INTO voorschriften VALUES (755445666, '3-nov-2016', '9999002', 19, '10044', '100 mg IM elke 4 uur.', 'Kan gebruikt worden in combinatie met pijnstillers.');
COMMIT;

